synthetic_case_id,split,coverage,critical_coverage,matched_chunks,id_conflicts,amount_conflicts,date_conflicts,status_conflicts,identity_coverage,label,synthetic
SYNTHETIC-00000,train,0.7398478997553604,0.0,7.0,0.0,0.0,0.0,0.0,0.5,0,True
SYNTHETIC-00001,held_out_test,0.605432765908637,1.0,2.0,0.0,0.0,1.0,0.0,0.5,0,True
SYNTHETIC-00002,train,0.8827766637036374,0.0,6.0,0.0,1.0,1.0,0.0,1.0,0,True
SYNTHETIC-00003,train,0.0,0.0,6.0,0.0,0.0,0.0,0.0,1.0,0,True
SYNTHETIC-00004,held_out_test,0.7472208187483856,1.0,7.0,0.0,0.0,0.0,0.0,1.0,1,True
SYNTHETIC-00005,held_out_test,0.8458690281605015,1.0,3.0,0.0,0.0,0.0,0.0,0.5,0,True
SYNTHETIC-00006,train,0.4185807098317868,1.0,4.0,0.0,0.0,0.0,0.0,0.5,0,True
SYNTHETIC-00007,train,0.4404110301558589,0.0,1.0,0.0,0.0,0.0,0.0,1.0,0,True
SYNTHETIC-00008,train,0.6144242032393845,0.0,3.0,0.0,0.0,0.0,0.0,1.0,0,True
SYNTHETIC-00009,validation,1.0,1.0,8.0,0.0,0.0,0.0,1.0,0.5,0,True
SYNTHETIC-00010,held_out_test,0.36646704232985905,0.0,2.0,0.0,0.0,0.0,0.0,1.0,0,True
SYNTHETIC-00011,train,0.6949676930673708,0.0,8.0,0.0,0.0,0.0,0.0,1.0,0,True
SYNTHETIC-00012,validation,0.9527621279869565,1.0,1.0,0.0,0.0,0.0,1.0,1.0,0,True
SYNTHETIC-00013,validation,0.5187041593508024,1.0,3.0,0.0,0.0,0.0,0.0,1.0,1,True
SYNTHETIC-00014,train,0.8478239824113943,1.0,4.0,0.0,0.0,0.0,0.0,1.0,1,True
SYNTHETIC-00015,train,0.7786047761912521,0.0,8.0,0.0,0.0,0.0,0.0,1.0,0,True
SYNTHETIC-00016,validation,0.11407523052623977,1.0,5.0,0.0,0.0,0.0,0.0,1.0,0,True
SYNTHETIC-00017,held_out_test,0.9588384871760398,0.0,7.0,0.0,0.0,0.0,0.0,1.0,0,True
SYNTHETIC-00018,train,0.6759306912514597,0.0,7.0,0.0,0.0,0.0,0.0,1.0,0,True
SYNTHETIC-00019,train,0.6256345280072917,1.0,5.0,0.0,0.0,0.0,0.0,1.0,1,True
SYNTHETIC-00020,validation,0.9414038983353437,1.0,6.0,1.0,0.0,0.0,0.0,1.0,0,True
SYNTHETIC-00021,validation,0.539344038660442,0.0,6.0,0.0,0.0,0.0,0.0,1.0,0,True
SYNTHETIC-00022,train,0.6967137988871926,0.0,5.0,0.0,0.0,0.0,0.0,1.0,0,True
SYNTHETIC-00023,held_out_test,0.6856194684612922,1.0,8.0,0.0,0.0,0.0,0.0,1.0,1,True
SYNTHETIC-00024,validation,0.18434947383029962,1.0,4.0,0.0,0.0,0.0,0.0,1.0,0,True
SYNTHETIC-00025,train,0.7320255790789826,1.0,6.0,0.0,0.0,0.0,0.0,1.0,1,True
SYNTHETIC-00026,held_out_test,0.09555458725269937,0.0,3.0,1.0,0.0,0.0,0.0,0.5,0,True
SYNTHETIC-00027,validation,0.9949658957371172,1.0,3.0,0.0,0.0,0.0,0.0,1.0,1,True
SYNTHETIC-00028,validation,0.473640948743111,1.0,3.0,0.0,0.0,0.0,0.0,1.0,0,True
SYNTHETIC-00029,validation,0.7926463440947639,1.0,2.0,0.0,0.0,0.0,0.0,1.0,1,True
SYNTHETIC-00030,held_out_test,0.1535463873517613,0.0,7.0,0.0,0.0,0.0,0.0,0.5,0,True
SYNTHETIC-00031,validation,0.8014387135428018,1.0,4.0,0.0,0.0,0.0,0.0,1.0,1,True
SYNTHETIC-00032,train,0.1400766212246739,1.0,6.0,1.0,0.0,0.0,0.0,1.0,0,True
SYNTHETIC-00033,train,0.04966242853027187,0.0,2.0,0.0,1.0,1.0,0.0,1.0,0,True
SYNTHETIC-00034,train,0.2792253161525289,0.0,6.0,0.0,0.0,0.0,0.0,1.0,0,True
SYNTHETIC-00035,validation,0.31543059061302553,0.0,1.0,0.0,0.0,0.0,0.0,0.5,0,True
SYNTHETIC-00036,train,0.3474728624337933,0.0,6.0,1.0,0.0,0.0,1.0,1.0,0,True
SYNTHETIC-00037,held_out_test,0.6174347837981636,1.0,4.0,0.0,0.0,0.0,0.0,1.0,1,True
SYNTHETIC-00038,validation,0.36407747600697343,1.0,1.0,0.0,0.0,0.0,0.0,0.5,0,True
SYNTHETIC-00039,train,0.494131493362048,1.0,3.0,0.0,0.0,0.0,1.0,0.5,0,True
SYNTHETIC-00040,train,0.8396266449273482,1.0,1.0,0.0,1.0,0.0,0.0,1.0,0,True
SYNTHETIC-00041,train,0.7461788567073372,1.0,1.0,0.0,1.0,0.0,0.0,1.0,0,True
SYNTHETIC-00042,train,0.5250271952365608,1.0,7.0,0.0,0.0,0.0,1.0,1.0,0,True
SYNTHETIC-00043,train,0.0,0.0,7.0,0.0,0.0,1.0,0.0,1.0,0,True
SYNTHETIC-00044,validation,0.3172418095972873,1.0,7.0,0.0,0.0,0.0,0.0,0.5,0,True
SYNTHETIC-00045,validation,0.20055338734780806,1.0,1.0,0.0,0.0,0.0,0.0,0.5,0,True
SYNTHETIC-00046,train,1.0,1.0,5.0,0.0,0.0,0.0,0.0,1.0,1,True
SYNTHETIC-00047,held_out_test,1.0,1.0,6.0,1.0,0.0,0.0,0.0,1.0,0,True
SYNTHETIC-00048,held_out_test,0.2995789176357732,0.0,3.0,0.0,0.0,0.0,0.0,1.0,0,True
SYNTHETIC-00049,held_out_test,0.7492269666227472,1.0,5.0,0.0,0.0,0.0,0.0,1.0,1,True
SYNTHETIC-00050,validation,0.8764789949289054,1.0,3.0,0.0,0.0,0.0,0.0,0.5,0,True
SYNTHETIC-00051,train,0.6686423587872483,1.0,8.0,0.0,0.0,0.0,0.0,1.0,0,True
SYNTHETIC-00052,train,0.6117178869299146,1.0,2.0,0.0,0.0,0.0,0.0,1.0,1,True
SYNTHETIC-00053,validation,0.5580270255371613,1.0,3.0,1.0,0.0,0.0,0.0,1.0,0,True
SYNTHETIC-00054,train,0.8668442066967791,1.0,7.0,0.0,0.0,1.0,0.0,1.0,0,True
SYNTHETIC-00055,validation,0.8277317535552011,1.0,2.0,0.0,0.0,0.0,0.0,1.0,1,True
SYNTHETIC-00056,train,0.2575044626721186,1.0,8.0,0.0,0.0,0.0,0.0,1.0,0,True
SYNTHETIC-00057,train,0.9079845012276146,1.0,6.0,1.0,0.0,0.0,0.0,1.0,0,True
SYNTHETIC-00058,train,0.8879854815796598,1.0,8.0,1.0,0.0,1.0,0.0,1.0,0,True
SYNTHETIC-00059,train,0.7995832391601622,0.0,5.0,0.0,0.0,0.0,0.0,1.0,0,True
SYNTHETIC-00060,held_out_test,1.0,1.0,8.0,0.0,1.0,0.0,0.0,1.0,0,True
SYNTHETIC-00061,train,0.08714279884191835,1.0,7.0,0.0,0.0,0.0,1.0,1.0,0,True
SYNTHETIC-00062,train,0.2617668193299401,0.0,7.0,0.0,0.0,0.0,0.0,0.5,0,True
SYNTHETIC-00063,train,0.18999864099720254,1.0,2.0,0.0,0.0,0.0,0.0,1.0,0,True
SYNTHETIC-00064,held_out_test,0.06386123008092495,0.0,7.0,0.0,0.0,0.0,0.0,0.5,0,True
SYNTHETIC-00065,train,0.899970699826596,0.0,3.0,1.0,0.0,0.0,1.0,1.0,0,True
SYNTHETIC-00066,train,0.25460595788451246,1.0,7.0,0.0,0.0,0.0,0.0,1.0,0,True
SYNTHETIC-00067,held_out_test,0.818233761118136,0.0,1.0,0.0,0.0,0.0,0.0,1.0,0,True
SYNTHETIC-00068,train,0.664066395988155,0.0,1.0,0.0,0.0,0.0,0.0,1.0,0,True
SYNTHETIC-00069,train,0.7526865954121579,1.0,6.0,0.0,1.0,0.0,0.0,0.5,0,True
SYNTHETIC-00070,train,0.3362590594852447,0.0,1.0,0.0,0.0,0.0,0.0,1.0,0,True
SYNTHETIC-00071,train,0.44863553540380413,1.0,3.0,0.0,0.0,0.0,0.0,1.0,1,True
SYNTHETIC-00072,held_out_test,0.003096244873030226,0.0,4.0,0.0,0.0,0.0,0.0,1.0,0,True
SYNTHETIC-00073,train,0.7634637873267818,1.0,2.0,0.0,0.0,0.0,0.0,1.0,1,True
SYNTHETIC-00074,train,0.9423197476005533,1.0,6.0,0.0,0.0,0.0,0.0,1.0,1,True
SYNTHETIC-00075,train,0.6274676400148462,1.0,5.0,0.0,0.0,0.0,0.0,0.5,0,True
SYNTHETIC-00076,train,0.6987071954793965,1.0,6.0,1.0,0.0,0.0,1.0,1.0,0,True
SYNTHETIC-00077,train,0.9936738978665579,1.0,3.0,0.0,0.0,0.0,0.0,1.0,1,True
SYNTHETIC-00078,train,0.6783105105511015,0.0,1.0,0.0,0.0,1.0,0.0,0.5,0,True
SYNTHETIC-00079,held_out_test,0.7143858779073115,0.0,1.0,0.0,0.0,0.0,0.0,1.0,0,True
SYNTHETIC-00080,held_out_test,0.5058884726133119,0.0,3.0,0.0,0.0,1.0,0.0,1.0,0,True
SYNTHETIC-00081,train,0.6178648304783702,1.0,2.0,0.0,0.0,0.0,0.0,0.5,0,True
SYNTHETIC-00082,train,0.6913089695458345,1.0,5.0,0.0,0.0,0.0,0.0,1.0,1,True
SYNTHETIC-00083,validation,0.6473406214897062,1.0,7.0,0.0,0.0,0.0,0.0,1.0,0,True
SYNTHETIC-00084,train,0.9325109862956589,1.0,3.0,0.0,0.0,0.0,0.0,0.5,0,True
SYNTHETIC-00085,train,0.0,1.0,5.0,0.0,0.0,0.0,0.0,1.0,0,True
SYNTHETIC-00086,train,0.05928493162742583,1.0,8.0,0.0,0.0,0.0,0.0,0.5,0,True
SYNTHETIC-00087,train,0.1726817027772063,0.0,4.0,1.0,0.0,0.0,0.0,1.0,0,True
SYNTHETIC-00088,train,0.42052667089059154,1.0,2.0,0.0,1.0,0.0,0.0,1.0,0,True
SYNTHETIC-00089,validation,0.6997812983621451,1.0,4.0,0.0,0.0,0.0,0.0,1.0,1,True
SYNTHETIC-00090,held_out_test,0.44769567135611765,0.0,1.0,0.0,0.0,0.0,0.0,1.0,1,True
SYNTHETIC-00091,held_out_test,0.9791907707152097,1.0,8.0,0.0,0.0,0.0,0.0,1.0,1,True
SYNTHETIC-00092,train,0.986928040169356,1.0,8.0,0.0,0.0,0.0,0.0,1.0,1,True
SYNTHETIC-00093,train,0.25540352435176794,0.0,1.0,0.0,0.0,0.0,0.0,1.0,0,True
SYNTHETIC-00094,train,0.3376437236577007,0.0,3.0,0.0,0.0,1.0,0.0,1.0,0,True
SYNTHETIC-00095,train,0.20920747088594524,0.0,2.0,0.0,0.0,0.0,0.0,1.0,0,True
SYNTHETIC-00096,validation,0.9376231557297119,1.0,8.0,0.0,0.0,0.0,0.0,1.0,1,True
SYNTHETIC-00097,train,0.015689634454323143,0.0,7.0,0.0,0.0,0.0,0.0,1.0,0,True
SYNTHETIC-00098,train,0.40871191556224495,1.0,3.0,1.0,0.0,0.0,0.0,1.0,0,True
SYNTHETIC-00099,validation,0.5350425392821665,1.0,5.0,0.0,0.0,0.0,0.0,1.0,0,True
SYNTHETIC-00100,train,0.8586025956966667,1.0,6.0,0.0,0.0,0.0,0.0,1.0,1,True
SYNTHETIC-00101,train,0.3038451375519983,1.0,8.0,0.0,0.0,0.0,0.0,1.0,0,True
SYNTHETIC-00102,validation,1.0,1.0,7.0,0.0,0.0,0.0,0.0,1.0,1,True
SYNTHETIC-00103,train,0.04622661708591,0.0,6.0,0.0,0.0,0.0,0.0,1.0,0,True
SYNTHETIC-00104,train,0.4177114999084962,1.0,4.0,0.0,0.0,0.0,0.0,1.0,0,True
SYNTHETIC-00105,validation,0.45608110748767916,0.0,6.0,0.0,0.0,0.0,0.0,1.0,0,True
SYNTHETIC-00106,train,0.436063889776753,1.0,6.0,0.0,0.0,0.0,0.0,0.5,0,True
SYNTHETIC-00107,train,0.0,1.0,5.0,0.0,0.0,0.0,0.0,1.0,0,True
SYNTHETIC-00108,train,1.0,1.0,2.0,0.0,1.0,0.0,0.0,1.0,0,True
SYNTHETIC-00109,train,0.3711880578419232,0.0,1.0,0.0,1.0,0.0,0.0,1.0,0,True
SYNTHETIC-00110,train,0.5943456764407228,0.0,5.0,0.0,0.0,0.0,0.0,1.0,0,True
SYNTHETIC-00111,train,0.7580150466039032,1.0,8.0,0.0,0.0,1.0,0.0,1.0,0,True
SYNTHETIC-00112,train,0.7318057256366414,1.0,8.0,0.0,1.0,0.0,0.0,1.0,0,True
SYNTHETIC-00113,train,0.7779829130090717,1.0,5.0,0.0,0.0,0.0,0.0,1.0,1,True
SYNTHETIC-00114,held_out_test,0.4873348228886197,1.0,8.0,0.0,0.0,0.0,0.0,1.0,1,True
SYNTHETIC-00115,train,1.0,1.0,1.0,0.0,0.0,0.0,0.0,1.0,1,True
SYNTHETIC-00116,train,0.8762478904000215,1.0,7.0,0.0,0.0,0.0,0.0,1.0,1,True
SYNTHETIC-00117,held_out_test,0.7912357793483755,1.0,2.0,1.0,0.0,0.0,0.0,1.0,0,True
SYNTHETIC-00118,train,0.7242385127061574,1.0,3.0,0.0,0.0,0.0,0.0,1.0,1,True
SYNTHETIC-00119,train,0.7368559027459929,1.0,3.0,1.0,0.0,0.0,0.0,1.0,0,True
SYNTHETIC-00120,held_out_test,0.9046150798045018,1.0,2.0,1.0,0.0,0.0,0.0,1.0,0,True
SYNTHETIC-00121,validation,0.7514007055172834,1.0,3.0,0.0,1.0,1.0,0.0,1.0,0,True
SYNTHETIC-00122,validation,0.8885629926920753,1.0,5.0,0.0,0.0,0.0,0.0,1.0,0,True
SYNTHETIC-00123,train,0.42882123999895316,0.0,1.0,0.0,1.0,0.0,0.0,0.5,0,True
SYNTHETIC-00124,held_out_test,1.0,1.0,2.0,0.0,0.0,0.0,0.0,0.5,0,True
SYNTHETIC-00125,train,0.897955826003268,1.0,3.0,0.0,0.0,0.0,0.0,1.0,1,True
SYNTHETIC-00126,train,0.045815331870733896,0.0,1.0,0.0,0.0,0.0,0.0,1.0,0,True
SYNTHETIC-00127,validation,0.21135534298132536,0.0,8.0,0.0,0.0,0.0,0.0,1.0,0,True
SYNTHETIC-00128,train,0.8248975272641182,1.0,4.0,0.0,0.0,0.0,0.0,0.5,0,True
SYNTHETIC-00129,train,0.32810711872491255,0.0,5.0,0.0,0.0,0.0,0.0,1.0,0,True
SYNTHETIC-00130,validation,0.24287937389685887,0.0,5.0,0.0,0.0,0.0,0.0,1.0,0,True
SYNTHETIC-00131,train,0.2654560720851692,0.0,3.0,0.0,0.0,0.0,0.0,1.0,0,True
SYNTHETIC-00132,train,0.5328445242051462,0.0,3.0,0.0,0.0,0.0,0.0,1.0,0,True
SYNTHETIC-00133,train,0.8743172769940438,1.0,1.0,1.0,0.0,0.0,0.0,1.0,0,True
SYNTHETIC-00134,train,0.9447759689464184,1.0,7.0,0.0,0.0,0.0,0.0,1.0,1,True
SYNTHETIC-00135,train,0.8636182965480735,1.0,7.0,0.0,0.0,0.0,0.0,1.0,1,True
SYNTHETIC-00136,train,0.06063631984451015,0.0,6.0,1.0,0.0,0.0,1.0,1.0,0,True
SYNTHETIC-00137,held_out_test,0.44766839206866715,0.0,6.0,0.0,0.0,0.0,0.0,1.0,0,True
SYNTHETIC-00138,held_out_test,0.589824344363678,0.0,7.0,0.0,1.0,0.0,0.0,1.0,0,True
SYNTHETIC-00139,train,0.5291977023632087,1.0,1.0,0.0,0.0,0.0,0.0,0.5,0,True
SYNTHETIC-00140,train,1.0,0.0,6.0,0.0,0.0,1.0,0.0,0.5,0,True
SYNTHETIC-00141,train,0.4476203016449426,1.0,8.0,1.0,0.0,0.0,0.0,1.0,0,True
SYNTHETIC-00142,held_out_test,0.677417443215812,1.0,7.0,0.0,0.0,0.0,0.0,0.0,0,True
SYNTHETIC-00143,train,0.16427212259532872,1.0,3.0,0.0,0.0,0.0,0.0,1.0,0,True
SYNTHETIC-00144,train,0.05496739745723503,0.0,5.0,0.0,0.0,0.0,1.0,1.0,0,True
SYNTHETIC-00145,train,0.3478294323910375,1.0,3.0,1.0,0.0,0.0,0.0,0.5,0,True
SYNTHETIC-00146,held_out_test,0.3717386571141475,0.0,2.0,0.0,0.0,1.0,1.0,1.0,0,True
SYNTHETIC-00147,train,0.7829135444155582,1.0,3.0,0.0,0.0,0.0,0.0,0.5,0,True
SYNTHETIC-00148,validation,0.9509025061389363,1.0,3.0,0.0,0.0,0.0,0.0,1.0,1,True
SYNTHETIC-00149,validation,0.5940554509441814,1.0,8.0,0.0,0.0,1.0,0.0,1.0,0,True
SYNTHETIC-00150,train,0.17708977106920468,1.0,4.0,0.0,0.0,0.0,0.0,1.0,0,True
SYNTHETIC-00151,held_out_test,0.5363101516642144,1.0,7.0,1.0,0.0,0.0,0.0,1.0,0,True
SYNTHETIC-00152,train,0.5873458461299363,1.0,8.0,0.0,0.0,0.0,0.0,0.5,0,True
SYNTHETIC-00153,train,1.0,1.0,6.0,0.0,0.0,1.0,0.0,1.0,0,True
SYNTHETIC-00154,validation,0.30101221394109995,1.0,4.0,0.0,0.0,0.0,0.0,1.0,0,True
SYNTHETIC-00155,train,0.4375710769371832,1.0,4.0,0.0,0.0,1.0,0.0,1.0,0,True
SYNTHETIC-00156,validation,0.3555687892905691,1.0,7.0,0.0,0.0,0.0,0.0,1.0,0,True
SYNTHETIC-00157,train,0.6178383397071735,1.0,3.0,0.0,0.0,0.0,0.0,1.0,1,True
SYNTHETIC-00158,validation,0.7401232483998504,1.0,4.0,0.0,0.0,0.0,0.0,1.0,0,True
SYNTHETIC-00159,train,0.6945445863001811,1.0,3.0,0.0,0.0,0.0,0.0,1.0,1,True
SYNTHETIC-00160,train,0.4860504139467149,0.0,3.0,0.0,0.0,0.0,0.0,1.0,0,True
SYNTHETIC-00161,train,0.9055550104944621,1.0,3.0,0.0,0.0,0.0,0.0,1.0,1,True
SYNTHETIC-00162,train,1.0,1.0,1.0,1.0,0.0,0.0,0.0,1.0,0,True
SYNTHETIC-00163,train,1.0,1.0,7.0,0.0,0.0,0.0,0.0,1.0,0,True
SYNTHETIC-00164,train,0.11466391590727461,0.0,7.0,0.0,0.0,0.0,0.0,1.0,0,True
SYNTHETIC-00165,validation,0.32179410765777167,1.0,6.0,0.0,0.0,0.0,0.0,1.0,0,True
SYNTHETIC-00166,train,0.0661553506614876,0.0,7.0,0.0,0.0,0.0,0.0,1.0,0,True
SYNTHETIC-00167,train,0.28235393721769625,0.0,4.0,0.0,0.0,0.0,0.0,1.0,0,True
SYNTHETIC-00168,validation,0.5300238351757096,1.0,5.0,0.0,0.0,0.0,0.0,1.0,1,True
SYNTHETIC-00169,validation,0.30868012888109203,0.0,8.0,0.0,0.0,0.0,0.0,1.0,0,True
SYNTHETIC-00170,train,0.26727358653117295,0.0,1.0,0.0,0.0,0.0,0.0,0.5,0,True
SYNTHETIC-00171,train,0.9376813217095973,1.0,2.0,0.0,0.0,0.0,0.0,1.0,0,True
SYNTHETIC-00172,held_out_test,0.17438569356559305,1.0,7.0,0.0,0.0,0.0,0.0,1.0,0,True
SYNTHETIC-00173,validation,0.13265081851520683,0.0,1.0,0.0,0.0,0.0,0.0,1.0,0,True
SYNTHETIC-00174,train,0.30336621506379796,0.0,7.0,0.0,0.0,1.0,0.0,1.0,0,True
SYNTHETIC-00175,train,0.9226551737319344,1.0,3.0,0.0,0.0,0.0,0.0,1.0,1,True
SYNTHETIC-00176,train,0.0,0.0,6.0,0.0,0.0,0.0,0.0,1.0,0,True
SYNTHETIC-00177,validation,0.8697886875385743,1.0,8.0,0.0,0.0,0.0,0.0,1.0,1,True
SYNTHETIC-00178,train,1.0,1.0,5.0,0.0,0.0,0.0,0.0,1.0,1,True
SYNTHETIC-00179,train,0.2689278613847465,1.0,1.0,0.0,0.0,0.0,0.0,1.0,0,True
SYNTHETIC-00180,train,0.3123699101706443,0.0,5.0,0.0,0.0,1.0,0.0,1.0,0,True
SYNTHETIC-00181,train,0.0865124015048969,0.0,1.0,0.0,0.0,0.0,0.0,1.0,0,True
SYNTHETIC-00182,train,0.979190907031792,1.0,8.0,0.0,1.0,0.0,0.0,1.0,0,True
SYNTHETIC-00183,train,0.21845694668755375,0.0,3.0,0.0,0.0,0.0,0.0,1.0,0,True
SYNTHETIC-00184,train,0.1727915046509912,0.0,8.0,0.0,0.0,0.0,0.0,0.5,0,True
SYNTHETIC-00185,held_out_test,0.3492932230356486,1.0,8.0,0.0,0.0,0.0,0.0,1.0,0,True
SYNTHETIC-00186,train,0.998109125157064,1.0,3.0,1.0,0.0,0.0,1.0,0.5,0,True
SYNTHETIC-00187,validation,1.0,1.0,3.0,1.0,0.0,0.0,0.0,1.0,0,True
SYNTHETIC-00188,held_out_test,0.44619098989024397,0.0,7.0,0.0,0.0,1.0,0.0,1.0,0,True
SYNTHETIC-00189,train,0.344701189986531,1.0,6.0,0.0,0.0,0.0,0.0,1.0,0,True
SYNTHETIC-00190,train,0.0,1.0,5.0,0.0,0.0,0.0,0.0,1.0,0,True
SYNTHETIC-00191,held_out_test,0.0,1.0,7.0,0.0,1.0,0.0,0.0,1.0,0,True
SYNTHETIC-00192,train,0.9342922020606256,1.0,3.0,0.0,0.0,0.0,0.0,1.0,1,True
SYNTHETIC-00193,validation,0.28887132313074637,1.0,6.0,0.0,1.0,1.0,0.0,0.5,0,True
SYNTHETIC-00194,validation,0.1627156366770129,0.0,3.0,1.0,0.0,0.0,1.0,1.0,0,True
SYNTHETIC-00195,held_out_test,0.7633767847196875,1.0,1.0,0.0,0.0,0.0,0.0,1.0,1,True
SYNTHETIC-00196,validation,0.368478114441101,0.0,3.0,0.0,1.0,0.0,0.0,1.0,0,True
SYNTHETIC-00197,train,0.571282205659564,1.0,2.0,0.0,0.0,0.0,0.0,1.0,1,True
SYNTHETIC-00198,held_out_test,0.9927540999691638,0.0,8.0,0.0,0.0,0.0,0.0,1.0,0,True
SYNTHETIC-00199,train,0.8391283792574553,1.0,3.0,0.0,0.0,0.0,0.0,1.0,1,True
SYNTHETIC-00200,held_out_test,0.9581327376707441,1.0,8.0,0.0,0.0,1.0,0.0,0.5,0,True
SYNTHETIC-00201,train,0.5025418176443354,1.0,7.0,0.0,0.0,1.0,0.0,1.0,0,True
SYNTHETIC-00202,train,0.4538034291315838,0.0,3.0,0.0,1.0,0.0,0.0,1.0,0,True
SYNTHETIC-00203,held_out_test,0.5828191250438204,0.0,7.0,0.0,1.0,0.0,1.0,1.0,0,True
SYNTHETIC-00204,train,0.9400388838853213,1.0,1.0,0.0,0.0,1.0,0.0,1.0,0,True
SYNTHETIC-00205,train,0.8976433882394494,1.0,2.0,0.0,0.0,0.0,0.0,1.0,1,True
SYNTHETIC-00206,held_out_test,0.38541620310327795,0.0,7.0,0.0,0.0,1.0,0.0,1.0,0,True
SYNTHETIC-00207,validation,0.6881523874681391,1.0,4.0,0.0,1.0,0.0,0.0,1.0,0,True
SYNTHETIC-00208,held_out_test,0.2918958070965123,0.0,2.0,1.0,0.0,1.0,0.0,1.0,0,True
SYNTHETIC-00209,train,0.5346304396428108,1.0,2.0,0.0,0.0,0.0,0.0,1.0,1,True
SYNTHETIC-00210,train,0.6781650698249947,1.0,7.0,0.0,0.0,0.0,0.0,0.5,0,True
SYNTHETIC-00211,train,0.1737159096808375,0.0,4.0,0.0,0.0,0.0,0.0,1.0,0,True
SYNTHETIC-00212,train,0.766820373988331,1.0,4.0,0.0,0.0,0.0,0.0,1.0,1,True
SYNTHETIC-00213,train,0.3043971740662442,0.0,3.0,0.0,0.0,1.0,0.0,1.0,0,True
SYNTHETIC-00214,train,0.6004617657086625,0.0,1.0,0.0,0.0,1.0,0.0,1.0,0,True
SYNTHETIC-00215,validation,0.6538321758876103,0.0,8.0,0.0,0.0,0.0,0.0,0.5,0,True
SYNTHETIC-00216,train,0.9188262336954456,1.0,2.0,0.0,0.0,0.0,0.0,1.0,1,True
SYNTHETIC-00217,train,0.4312934704131266,1.0,4.0,1.0,0.0,0.0,0.0,1.0,0,True
SYNTHETIC-00218,train,0.8003377040291547,1.0,7.0,0.0,0.0,0.0,0.0,1.0,1,True
SYNTHETIC-00219,train,0.8219000658561813,1.0,1.0,0.0,1.0,0.0,0.0,1.0,0,True
SYNTHETIC-00220,validation,0.5835351913741017,1.0,5.0,0.0,0.0,0.0,1.0,1.0,0,True
SYNTHETIC-00221,train,0.917413067308038,1.0,5.0,0.0,0.0,0.0,0.0,0.5,0,True
SYNTHETIC-00222,train,0.6712794010617247,1.0,6.0,0.0,0.0,0.0,0.0,1.0,1,True
SYNTHETIC-00223,train,1.0,1.0,8.0,0.0,1.0,0.0,0.0,1.0,0,True
SYNTHETIC-00224,validation,0.3181759724226889,1.0,1.0,0.0,0.0,0.0,0.0,1.0,0,True
SYNTHETIC-00225,train,0.15758938222479185,0.0,3.0,0.0,0.0,1.0,0.0,0.5,0,True
SYNTHETIC-00226,train,0.6620676435522204,1.0,3.0,0.0,0.0,0.0,0.0,1.0,0,True
SYNTHETIC-00227,train,0.2857373173856976,1.0,7.0,0.0,0.0,0.0,0.0,1.0,0,True
SYNTHETIC-00228,validation,0.9202119557807948,1.0,4.0,0.0,0.0,0.0,0.0,1.0,1,True
SYNTHETIC-00229,validation,0.5973787875660127,0.0,4.0,0.0,0.0,0.0,0.0,1.0,0,True
SYNTHETIC-00230,train,0.6897492172418483,1.0,3.0,1.0,0.0,0.0,1.0,0.5,0,True
SYNTHETIC-00231,train,0.5964746832071683,1.0,5.0,0.0,0.0,0.0,0.0,1.0,1,True
SYNTHETIC-00232,train,0.3861373442686215,1.0,5.0,0.0,0.0,0.0,1.0,1.0,0,True
SYNTHETIC-00233,train,0.2979194091582012,1.0,5.0,0.0,0.0,0.0,0.0,1.0,0,True
SYNTHETIC-00234,validation,0.9373028178077399,1.0,5.0,1.0,0.0,0.0,0.0,0.5,0,True
SYNTHETIC-00235,train,0.0,1.0,7.0,0.0,0.0,0.0,0.0,1.0,0,True
SYNTHETIC-00236,train,0.9005592332388997,0.0,7.0,0.0,0.0,0.0,0.0,0.5,0,True
SYNTHETIC-00237,train,0.597115140030899,1.0,5.0,0.0,0.0,0.0,0.0,0.5,0,True
SYNTHETIC-00238,train,0.9871990107783934,1.0,8.0,0.0,0.0,0.0,0.0,0.5,0,True
SYNTHETIC-00239,train,0.892213765026314,1.0,4.0,0.0,0.0,0.0,0.0,1.0,1,True
SYNTHETIC-00240,train,0.34109907541645074,1.0,1.0,0.0,0.0,0.0,1.0,1.0,0,True
SYNTHETIC-00241,validation,1.0,1.0,7.0,0.0,0.0,0.0,0.0,0.5,0,True
SYNTHETIC-00242,held_out_test,0.16877291491429824,1.0,7.0,0.0,0.0,0.0,0.0,0.5,0,True
SYNTHETIC-00243,train,0.9005906082638269,1.0,1.0,0.0,0.0,0.0,0.0,1.0,1,True
SYNTHETIC-00244,train,1.0,1.0,3.0,0.0,0.0,0.0,0.0,1.0,1,True
SYNTHETIC-00245,train,0.9679827775569553,1.0,3.0,0.0,0.0,0.0,0.0,1.0,0,True
SYNTHETIC-00246,held_out_test,1.0,1.0,5.0,0.0,0.0,1.0,0.0,1.0,0,True
SYNTHETIC-00247,validation,0.7176990899295436,1.0,3.0,0.0,1.0,0.0,0.0,0.5,0,True
SYNTHETIC-00248,validation,0.0,1.0,6.0,0.0,0.0,1.0,0.0,1.0,0,True
SYNTHETIC-00249,train,0.7291087278368286,1.0,5.0,0.0,0.0,0.0,0.0,1.0,1,True
SYNTHETIC-00250,validation,0.6718589828215569,1.0,7.0,0.0,0.0,0.0,0.0,1.0,1,True
SYNTHETIC-00251,train,0.3795853222870868,1.0,7.0,0.0,0.0,0.0,0.0,0.5,0,True
SYNTHETIC-00252,train,0.5056565780798234,0.0,3.0,0.0,0.0,1.0,0.0,1.0,0,True
SYNTHETIC-00253,train,0.8145637521742356,1.0,5.0,0.0,0.0,1.0,0.0,1.0,0,True
SYNTHETIC-00254,train,0.8071531568601822,0.0,5.0,0.0,0.0,1.0,0.0,1.0,0,True
SYNTHETIC-00255,train,0.6516242518237194,1.0,4.0,0.0,0.0,0.0,0.0,1.0,1,True
SYNTHETIC-00256,train,0.3566378890186038,1.0,8.0,1.0,1.0,0.0,0.0,1.0,0,True
SYNTHETIC-00257,held_out_test,0.19301856402439185,0.0,1.0,0.0,0.0,0.0,0.0,1.0,0,True
SYNTHETIC-00258,train,0.8379510770711026,1.0,8.0,0.0,0.0,0.0,0.0,1.0,1,True
SYNTHETIC-00259,train,0.10915822776569453,1.0,8.0,0.0,0.0,0.0,0.0,0.5,0,True
SYNTHETIC-00260,train,1.0,1.0,3.0,0.0,0.0,1.0,0.0,1.0,0,True
SYNTHETIC-00261,train,1.0,1.0,3.0,0.0,0.0,0.0,0.0,1.0,1,True
SYNTHETIC-00262,held_out_test,0.9009088468213737,1.0,1.0,0.0,0.0,0.0,0.0,1.0,1,True
SYNTHETIC-00263,held_out_test,0.10024199247453797,0.0,2.0,0.0,0.0,0.0,0.0,1.0,0,True
SYNTHETIC-00264,held_out_test,0.0,0.0,2.0,0.0,0.0,0.0,1.0,0.5,0,True
SYNTHETIC-00265,held_out_test,0.5504796770636348,1.0,7.0,0.0,0.0,0.0,0.0,1.0,1,True
SYNTHETIC-00266,train,0.6679145959763172,1.0,7.0,0.0,0.0,0.0,0.0,1.0,1,True
SYNTHETIC-00267,validation,0.17419232787375155,1.0,8.0,0.0,0.0,0.0,0.0,0.5,0,True
SYNTHETIC-00268,train,0.42727419074939,1.0,3.0,0.0,0.0,0.0,0.0,1.0,0,True
SYNTHETIC-00269,train,0.0,0.0,3.0,0.0,0.0,0.0,0.0,0.5,0,True
SYNTHETIC-00270,held_out_test,0.0,1.0,7.0,0.0,0.0,0.0,0.0,1.0,0,True
SYNTHETIC-00271,validation,0.7183982351034226,0.0,5.0,0.0,0.0,0.0,0.0,1.0,0,True
SYNTHETIC-00272,validation,0.3866684537126119,0.0,1.0,0.0,0.0,0.0,0.0,0.5,0,True
SYNTHETIC-00273,train,0.35023322524646483,1.0,7.0,0.0,0.0,0.0,0.0,0.5,0,True
SYNTHETIC-00274,train,0.5222575544983277,0.0,1.0,0.0,0.0,0.0,0.0,1.0,0,True
SYNTHETIC-00275,train,0.5983106523106031,1.0,1.0,1.0,0.0,0.0,0.0,1.0,0,True
SYNTHETIC-00276,train,0.526838329132708,0.0,8.0,0.0,0.0,0.0,0.0,0.5,0,True
SYNTHETIC-00277,train,0.27727650133698845,0.0,8.0,0.0,0.0,0.0,0.0,1.0,0,True
SYNTHETIC-00278,train,0.3955074082326357,1.0,6.0,0.0,0.0,0.0,0.0,1.0,0,True
SYNTHETIC-00279,validation,0.8457515284961977,1.0,3.0,0.0,0.0,0.0,0.0,1.0,1,True
SYNTHETIC-00280,train,0.0,0.0,2.0,0.0,0.0,0.0,1.0,1.0,0,True
SYNTHETIC-00281,train,0.6236492427566451,0.0,4.0,0.0,0.0,0.0,0.0,1.0,0,True
SYNTHETIC-00282,validation,0.4577662427916346,1.0,5.0,0.0,0.0,0.0,0.0,0.5,0,True
SYNTHETIC-00283,held_out_test,0.3599671407880508,0.0,1.0,0.0,0.0,1.0,0.0,1.0,0,True
SYNTHETIC-00284,train,0.6261467513940097,0.0,6.0,0.0,0.0,0.0,0.0,1.0,0,True
SYNTHETIC-00285,held_out_test,0.011802428220729027,0.0,1.0,0.0,0.0,0.0,0.0,1.0,0,True
SYNTHETIC-00286,train,0.6305062440498966,1.0,4.0,1.0,0.0,1.0,1.0,0.5,0,True
SYNTHETIC-00287,train,0.712286302700023,1.0,1.0,0.0,0.0,0.0,0.0,1.0,1,True
SYNTHETIC-00288,train,0.6261096933391468,1.0,1.0,0.0,0.0,0.0,0.0,0.5,0,True
SYNTHETIC-00289,train,0.9459992596113543,1.0,3.0,0.0,0.0,0.0,0.0,1.0,1,True
SYNTHETIC-00290,held_out_test,1.0,1.0,5.0,0.0,0.0,0.0,0.0,1.0,1,True
SYNTHETIC-00291,train,0.0,0.0,8.0,0.0,0.0,0.0,0.0,1.0,0,True
SYNTHETIC-00292,validation,0.9739351559447085,1.0,1.0,0.0,1.0,0.0,0.0,1.0,0,True
SYNTHETIC-00293,train,1.0,1.0,5.0,0.0,0.0,0.0,0.0,0.5,0,True
SYNTHETIC-00294,train,0.7214488845506937,1.0,7.0,0.0,0.0,0.0,0.0,1.0,1,True
SYNTHETIC-00295,train,0.8078117334853631,1.0,3.0,0.0,0.0,0.0,0.0,1.0,1,True
SYNTHETIC-00296,held_out_test,0.21694571765120432,0.0,7.0,0.0,1.0,0.0,0.0,1.0,0,True
SYNTHETIC-00297,train,0.633794120563458,1.0,4.0,0.0,0.0,0.0,0.0,0.5,0,True
SYNTHETIC-00298,train,0.11277784804937975,0.0,1.0,0.0,0.0,0.0,0.0,1.0,0,True
SYNTHETIC-00299,train,0.7656295029041483,1.0,3.0,0.0,0.0,0.0,0.0,1.0,1,True
SYNTHETIC-00300,train,0.6737209105060097,1.0,4.0,0.0,0.0,0.0,0.0,1.0,0,True
SYNTHETIC-00301,validation,0.25649074514879744,1.0,5.0,0.0,0.0,0.0,0.0,0.5,0,True
SYNTHETIC-00302,validation,0.6597775734189092,1.0,2.0,0.0,0.0,0.0,0.0,0.5,0,True
SYNTHETIC-00303,train,0.4200886294821067,1.0,5.0,0.0,0.0,0.0,0.0,0.5,0,True
SYNTHETIC-00304,train,0.17692917778037348,0.0,7.0,0.0,0.0,1.0,0.0,1.0,0,True
SYNTHETIC-00305,validation,0.7472514984576514,1.0,4.0,0.0,0.0,0.0,0.0,1.0,1,True
SYNTHETIC-00306,train,0.8162749434533856,1.0,2.0,1.0,0.0,0.0,0.0,0.5,0,True
SYNTHETIC-00307,held_out_test,1.0,1.0,6.0,0.0,0.0,1.0,1.0,0.5,0,True
SYNTHETIC-00308,train,0.6431846827245127,1.0,6.0,0.0,0.0,0.0,0.0,1.0,1,True
SYNTHETIC-00309,train,0.30021997626084773,0.0,4.0,0.0,0.0,1.0,0.0,0.5,0,True
SYNTHETIC-00310,train,0.24121249902615716,0.0,7.0,0.0,0.0,0.0,0.0,0.5,0,True
SYNTHETIC-00311,train,0.717782580916321,1.0,7.0,0.0,1.0,0.0,0.0,1.0,0,True
SYNTHETIC-00312,train,0.07839840266037638,1.0,1.0,0.0,0.0,1.0,0.0,1.0,0,True
SYNTHETIC-00313,train,0.2737366658944977,1.0,5.0,0.0,0.0,0.0,0.0,0.5,0,True
SYNTHETIC-00314,train,1.0,1.0,6.0,0.0,0.0,0.0,0.0,1.0,1,True
SYNTHETIC-00315,validation,0.5959698223886769,1.0,2.0,0.0,0.0,0.0,0.0,1.0,1,True
SYNTHETIC-00316,train,0.44227342388246255,1.0,2.0,1.0,0.0,0.0,0.0,1.0,0,True
SYNTHETIC-00317,validation,0.48162983930514996,1.0,2.0,0.0,0.0,0.0,0.0,1.0,0,True
SYNTHETIC-00318,train,0.6888718170680779,1.0,3.0,1.0,0.0,0.0,0.0,0.5,0,True
SYNTHETIC-00319,train,1.0,1.0,3.0,0.0,0.0,1.0,1.0,0.5,0,True
SYNTHETIC-00320,train,0.3187918726178351,0.0,6.0,0.0,0.0,0.0,0.0,1.0,0,True
SYNTHETIC-00321,validation,0.9605059757829064,0.0,8.0,0.0,0.0,0.0,0.0,1.0,0,True
SYNTHETIC-00322,validation,0.7727992055816674,1.0,4.0,0.0,0.0,0.0,0.0,1.0,0,True
SYNTHETIC-00323,train,0.24027245302532094,1.0,7.0,1.0,0.0,0.0,0.0,0.5,0,True
SYNTHETIC-00324,train,0.7148214674119185,1.0,5.0,0.0,0.0,0.0,0.0,1.0,1,True
SYNTHETIC-00325,train,0.0,0.0,8.0,0.0,0.0,0.0,1.0,1.0,0,True
SYNTHETIC-00326,train,0.0,0.0,4.0,0.0,0.0,1.0,0.0,1.0,0,True
SYNTHETIC-00327,train,0.14367605844986286,0.0,6.0,0.0,0.0,0.0,0.0,1.0,0,True
SYNTHETIC-00328,train,0.4414880178658794,0.0,7.0,0.0,0.0,0.0,0.0,1.0,0,True
SYNTHETIC-00329,validation,0.22917106719988084,0.0,8.0,0.0,0.0,0.0,0.0,1.0,0,True
SYNTHETIC-00330,train,1.0,1.0,4.0,0.0,0.0,0.0,0.0,1.0,1,True
SYNTHETIC-00331,train,0.6480416907915613,1.0,3.0,0.0,0.0,0.0,0.0,1.0,1,True
SYNTHETIC-00332,validation,0.8530947054350005,1.0,1.0,1.0,0.0,0.0,0.0,1.0,0,True
SYNTHETIC-00333,train,0.3873017263998427,1.0,5.0,0.0,0.0,0.0,0.0,1.0,0,True
SYNTHETIC-00334,held_out_test,0.7063874815670571,1.0,5.0,0.0,0.0,0.0,0.0,1.0,1,True
SYNTHETIC-00335,held_out_test,0.5341422253182143,1.0,4.0,0.0,0.0,0.0,0.0,1.0,0,True
SYNTHETIC-00336,train,0.9840334716623901,1.0,2.0,0.0,1.0,0.0,0.0,1.0,0,True
SYNTHETIC-00337,validation,0.04483424785089449,1.0,7.0,0.0,0.0,1.0,0.0,0.5,0,True
SYNTHETIC-00338,train,0.21994599420899144,0.0,8.0,0.0,0.0,0.0,0.0,1.0,0,True
SYNTHETIC-00339,train,0.2611242293498204,1.0,8.0,0.0,0.0,0.0,0.0,1.0,0,True
SYNTHETIC-00340,train,0.6478343142095211,1.0,4.0,0.0,1.0,0.0,0.0,1.0,0,True
SYNTHETIC-00341,train,0.1864635306854469,0.0,6.0,1.0,0.0,0.0,0.0,1.0,0,True
SYNTHETIC-00342,held_out_test,0.9022007234207043,1.0,7.0,0.0,1.0,0.0,0.0,1.0,0,True
SYNTHETIC-00343,held_out_test,0.1368189212716993,0.0,7.0,0.0,0.0,1.0,0.0,1.0,0,True
SYNTHETIC-00344,validation,0.6486080129095945,1.0,3.0,0.0,0.0,0.0,0.0,1.0,0,True
SYNTHETIC-00345,train,0.6121515879119435,1.0,8.0,0.0,0.0,1.0,1.0,1.0,0,True
SYNTHETIC-00346,train,0.9880222289095292,1.0,6.0,0.0,0.0,0.0,0.0,1.0,1,True
SYNTHETIC-00347,train,0.5658902929642581,1.0,1.0,0.0,0.0,0.0,0.0,0.5,0,True
SYNTHETIC-00348,train,0.7690766845962502,1.0,2.0,0.0,0.0,0.0,0.0,1.0,1,True
SYNTHETIC-00349,train,0.2029028074610089,1.0,4.0,0.0,0.0,0.0,0.0,1.0,0,True
SYNTHETIC-00350,validation,0.37365512814792556,1.0,8.0,0.0,0.0,0.0,0.0,0.5,0,True
SYNTHETIC-00351,validation,0.26597629206895823,1.0,6.0,0.0,0.0,0.0,0.0,1.0,0,True
SYNTHETIC-00352,train,0.7517613215380441,1.0,6.0,0.0,0.0,0.0,0.0,1.0,1,True
SYNTHETIC-00353,train,0.3411461897605822,1.0,5.0,0.0,0.0,0.0,0.0,1.0,0,True
SYNTHETIC-00354,held_out_test,0.5477398333354725,1.0,8.0,0.0,0.0,0.0,0.0,1.0,1,True
SYNTHETIC-00355,train,1.0,0.0,5.0,0.0,0.0,0.0,0.0,1.0,1,True
SYNTHETIC-00356,train,0.4866895179486577,1.0,4.0,0.0,0.0,0.0,0.0,1.0,0,True
SYNTHETIC-00357,train,0.8149275948805351,1.0,4.0,0.0,0.0,1.0,0.0,1.0,0,True
SYNTHETIC-00358,train,0.4069083982212653,0.0,5.0,0.0,0.0,0.0,1.0,1.0,0,True
SYNTHETIC-00359,train,0.13439296858617297,0.0,2.0,0.0,0.0,0.0,0.0,1.0,0,True
SYNTHETIC-00360,train,0.3534635695321352,0.0,8.0,0.0,0.0,0.0,0.0,1.0,0,True
SYNTHETIC-00361,held_out_test,0.2197805236516637,0.0,8.0,0.0,0.0,0.0,0.0,0.5,0,True
SYNTHETIC-00362,train,0.9959377961199032,0.0,4.0,0.0,0.0,0.0,0.0,1.0,0,True
SYNTHETIC-00363,validation,0.706477575839165,1.0,6.0,1.0,0.0,0.0,0.0,1.0,0,True
SYNTHETIC-00364,validation,0.3590869185626211,1.0,7.0,0.0,0.0,0.0,0.0,0.0,0,True
SYNTHETIC-00365,train,0.36453419851448776,1.0,5.0,1.0,1.0,0.0,0.0,0.5,0,True
SYNTHETIC-00366,train,0.050174245355249975,0.0,1.0,0.0,0.0,0.0,0.0,1.0,0,True
SYNTHETIC-00367,held_out_test,0.8579175077344094,1.0,1.0,0.0,0.0,0.0,0.0,1.0,1,True
SYNTHETIC-00368,held_out_test,0.8497896939749542,1.0,6.0,0.0,0.0,0.0,0.0,1.0,1,True
SYNTHETIC-00369,train,0.8879373706393896,1.0,1.0,0.0,0.0,0.0,0.0,0.5,0,True
SYNTHETIC-00370,validation,0.6930092642642434,0.0,7.0,0.0,0.0,0.0,0.0,1.0,0,True
SYNTHETIC-00371,train,0.8710051885506574,1.0,4.0,0.0,0.0,0.0,0.0,1.0,1,True
SYNTHETIC-00372,held_out_test,0.4748004354971292,1.0,7.0,0.0,0.0,0.0,0.0,1.0,0,True
SYNTHETIC-00373,train,0.454906188657439,1.0,2.0,0.0,0.0,0.0,0.0,1.0,0,True
SYNTHETIC-00374,train,0.8687683984416329,1.0,4.0,0.0,0.0,0.0,0.0,1.0,1,True
SYNTHETIC-00375,train,0.434223445907053,0.0,2.0,0.0,0.0,0.0,0.0,1.0,0,True
SYNTHETIC-00376,held_out_test,0.9010188359418791,1.0,4.0,0.0,0.0,0.0,0.0,1.0,1,True
SYNTHETIC-00377,train,0.0,0.0,1.0,0.0,0.0,0.0,0.0,1.0,0,True
SYNTHETIC-00378,held_out_test,0.3143155709857522,1.0,3.0,0.0,0.0,0.0,0.0,0.5,0,True
SYNTHETIC-00379,train,0.1295336398347005,0.0,3.0,0.0,0.0,0.0,0.0,1.0,0,True
SYNTHETIC-00380,train,0.9439424036791928,1.0,5.0,0.0,0.0,1.0,0.0,1.0,0,True
SYNTHETIC-00381,train,0.40059915399308754,0.0,1.0,0.0,0.0,1.0,0.0,1.0,0,True
SYNTHETIC-00382,train,0.6880688497591225,0.0,3.0,0.0,0.0,0.0,0.0,1.0,0,True
SYNTHETIC-00383,validation,0.6342490301406634,1.0,6.0,1.0,0.0,0.0,0.0,1.0,0,True
SYNTHETIC-00384,train,0.608264881756162,1.0,4.0,1.0,0.0,0.0,0.0,1.0,0,True
SYNTHETIC-00385,held_out_test,0.8940259290768395,0.0,5.0,0.0,0.0,0.0,0.0,1.0,0,True
SYNTHETIC-00386,train,1.0,1.0,7.0,0.0,0.0,0.0,0.0,1.0,1,True
SYNTHETIC-00387,train,0.4882527390509593,0.0,5.0,0.0,0.0,0.0,0.0,1.0,0,True
SYNTHETIC-00388,train,0.5169201793273328,1.0,8.0,0.0,0.0,1.0,0.0,1.0,0,True
SYNTHETIC-00389,train,0.6041651494770278,1.0,8.0,0.0,0.0,0.0,0.0,1.0,1,True
SYNTHETIC-00390,validation,1.0,1.0,5.0,0.0,0.0,0.0,0.0,1.0,1,True
SYNTHETIC-00391,train,0.6322124985767785,1.0,4.0,0.0,0.0,0.0,0.0,1.0,1,True
SYNTHETIC-00392,train,0.5989263207051889,0.0,3.0,0.0,0.0,0.0,0.0,1.0,0,True
SYNTHETIC-00393,train,0.3103094060541109,0.0,7.0,1.0,0.0,0.0,0.0,0.5,0,True
SYNTHETIC-00394,train,1.0,1.0,7.0,0.0,0.0,0.0,0.0,1.0,1,True
SYNTHETIC-00395,train,0.8397129193104764,1.0,2.0,0.0,0.0,0.0,0.0,1.0,1,True
SYNTHETIC-00396,train,1.0,1.0,6.0,0.0,0.0,1.0,0.0,1.0,0,True
SYNTHETIC-00397,train,0.8745560331129076,0.0,3.0,0.0,0.0,0.0,0.0,1.0,1,True
SYNTHETIC-00398,validation,0.7642337321343035,0.0,8.0,0.0,0.0,0.0,0.0,0.5,0,True
SYNTHETIC-00399,train,0.6260479415565958,1.0,3.0,0.0,1.0,0.0,0.0,0.5,0,True
SYNTHETIC-00400,train,0.43799241796219235,1.0,1.0,0.0,0.0,0.0,0.0,1.0,0,True
SYNTHETIC-00401,validation,0.7046662466611049,0.0,8.0,1.0,0.0,0.0,0.0,0.5,0,True
SYNTHETIC-00402,train,0.3189682964323558,1.0,5.0,0.0,0.0,0.0,0.0,1.0,0,True
SYNTHETIC-00403,train,0.3854222231565626,1.0,8.0,0.0,0.0,0.0,0.0,0.5,0,True
SYNTHETIC-00404,train,0.6906031029373202,1.0,8.0,0.0,0.0,0.0,0.0,0.5,0,True
SYNTHETIC-00405,train,0.4331545242829632,0.0,4.0,0.0,0.0,0.0,0.0,1.0,0,True
SYNTHETIC-00406,train,0.6974405486252878,0.0,4.0,0.0,0.0,0.0,0.0,1.0,0,True
SYNTHETIC-00407,train,0.5467401198804996,1.0,7.0,0.0,0.0,0.0,0.0,1.0,1,True
SYNTHETIC-00408,train,0.3353901832541367,0.0,4.0,0.0,1.0,0.0,0.0,1.0,0,True
SYNTHETIC-00409,train,0.7367554939972074,1.0,2.0,0.0,0.0,0.0,0.0,1.0,1,True
SYNTHETIC-00410,train,0.6864144048739435,1.0,5.0,1.0,0.0,0.0,1.0,1.0,0,True
SYNTHETIC-00411,train,0.5107358986430779,1.0,5.0,0.0,0.0,0.0,0.0,1.0,0,True
SYNTHETIC-00412,validation,0.736334653793044,1.0,7.0,0.0,0.0,1.0,0.0,1.0,0,True
SYNTHETIC-00413,validation,0.6636215805153571,1.0,2.0,0.0,0.0,0.0,0.0,1.0,1,True
SYNTHETIC-00414,train,0.7094124308274729,1.0,4.0,0.0,0.0,0.0,0.0,1.0,1,True
SYNTHETIC-00415,train,0.41686632891655806,1.0,5.0,0.0,0.0,0.0,0.0,1.0,1,True
SYNTHETIC-00416,train,0.8997440273438058,1.0,8.0,1.0,0.0,0.0,1.0,1.0,0,True
SYNTHETIC-00417,validation,0.15446477212621254,0.0,2.0,0.0,0.0,0.0,0.0,1.0,0,True
SYNTHETIC-00418,train,0.4150033314468066,0.0,5.0,0.0,0.0,0.0,0.0,1.0,0,True
SYNTHETIC-00419,train,0.8121911525886575,1.0,5.0,0.0,0.0,0.0,0.0,1.0,1,True
SYNTHETIC-00420,train,0.5379327035242171,1.0,8.0,0.0,0.0,0.0,0.0,1.0,1,True
SYNTHETIC-00421,held_out_test,0.8512053144575681,0.0,4.0,0.0,0.0,0.0,0.0,1.0,0,True
SYNTHETIC-00422,train,0.7396604284035934,1.0,2.0,0.0,0.0,0.0,0.0,1.0,1,True
SYNTHETIC-00423,train,0.0009040230576514629,0.0,5.0,0.0,0.0,0.0,0.0,1.0,0,True
SYNTHETIC-00424,held_out_test,0.9001015982098192,1.0,7.0,0.0,0.0,0.0,0.0,1.0,1,True
SYNTHETIC-00425,train,0.09798005808399442,0.0,2.0,1.0,0.0,0.0,0.0,0.5,0,True
SYNTHETIC-00426,validation,0.6018751162892272,1.0,6.0,0.0,0.0,0.0,0.0,1.0,1,True
SYNTHETIC-00427,validation,0.6610942514370653,1.0,5.0,0.0,1.0,0.0,0.0,0.5,0,True
SYNTHETIC-00428,train,0.6905425951592215,1.0,7.0,0.0,0.0,0.0,0.0,1.0,0,True
SYNTHETIC-00429,train,0.41569817540935755,1.0,3.0,0.0,0.0,0.0,0.0,1.0,0,True
SYNTHETIC-00430,validation,1.0,1.0,7.0,0.0,0.0,0.0,0.0,1.0,1,True
SYNTHETIC-00431,train,0.8160519419048178,1.0,2.0,0.0,0.0,0.0,0.0,1.0,1,True
SYNTHETIC-00432,train,0.5051287301443016,0.0,5.0,0.0,0.0,0.0,0.0,1.0,0,True
SYNTHETIC-00433,train,0.4875517874299886,0.0,5.0,0.0,0.0,0.0,0.0,1.0,0,True
SYNTHETIC-00434,train,0.01898101939111475,1.0,3.0,0.0,0.0,0.0,0.0,1.0,0,True
SYNTHETIC-00435,train,0.5608932626271952,1.0,2.0,0.0,0.0,0.0,0.0,1.0,0,True
SYNTHETIC-00436,train,0.48594127111021135,1.0,8.0,0.0,0.0,1.0,0.0,0.5,0,True
SYNTHETIC-00437,train,0.6659055872446167,1.0,4.0,0.0,0.0,1.0,0.0,1.0,0,True
SYNTHETIC-00438,train,0.38397684076774563,1.0,8.0,0.0,0.0,0.0,0.0,1.0,0,True
SYNTHETIC-00439,held_out_test,0.5110086781059444,0.0,3.0,0.0,0.0,0.0,0.0,0.5,0,True
SYNTHETIC-00440,train,0.7264902485755991,0.0,6.0,0.0,0.0,0.0,0.0,1.0,0,True
SYNTHETIC-00441,train,0.9676108232099395,1.0,5.0,1.0,0.0,0.0,0.0,1.0,0,True
SYNTHETIC-00442,train,0.3650905852262981,1.0,4.0,0.0,0.0,0.0,0.0,1.0,0,True
SYNTHETIC-00443,train,0.6513035033150207,1.0,4.0,1.0,0.0,1.0,0.0,1.0,0,True
SYNTHETIC-00444,held_out_test,0.8616707714502333,1.0,3.0,0.0,0.0,1.0,0.0,1.0,0,True
SYNTHETIC-00445,train,0.8563499195801784,1.0,2.0,0.0,0.0,0.0,0.0,1.0,1,True
SYNTHETIC-00446,held_out_test,0.5439480738984426,1.0,6.0,0.0,0.0,0.0,0.0,1.0,1,True
SYNTHETIC-00447,train,0.7989796695756594,1.0,3.0,0.0,0.0,0.0,1.0,1.0,0,True
SYNTHETIC-00448,held_out_test,0.9797615841618218,0.0,5.0,0.0,0.0,0.0,0.0,0.5,0,True
SYNTHETIC-00449,train,1.0,1.0,5.0,0.0,0.0,0.0,0.0,1.0,1,True
SYNTHETIC-00450,held_out_test,0.39810638612571714,1.0,8.0,0.0,0.0,0.0,0.0,1.0,0,True
SYNTHETIC-00451,train,0.7296390998060651,1.0,7.0,0.0,0.0,0.0,0.0,1.0,0,True
SYNTHETIC-00452,held_out_test,0.2890486155992974,0.0,2.0,0.0,0.0,0.0,0.0,1.0,0,True
SYNTHETIC-00453,train,0.9284209572299862,1.0,1.0,0.0,0.0,0.0,0.0,1.0,1,True
SYNTHETIC-00454,train,0.72287679895459,1.0,8.0,0.0,1.0,0.0,0.0,1.0,0,True
SYNTHETIC-00455,held_out_test,0.6287465629616198,1.0,1.0,0.0,0.0,0.0,0.0,1.0,1,True
SYNTHETIC-00456,train,0.21528950116955556,1.0,6.0,0.0,0.0,0.0,0.0,1.0,0,True
SYNTHETIC-00457,train,0.8763388146869522,1.0,7.0,0.0,0.0,0.0,0.0,1.0,1,True
SYNTHETIC-00458,held_out_test,0.30629662464507956,0.0,7.0,0.0,0.0,0.0,0.0,1.0,0,True
SYNTHETIC-00459,train,0.6758505555195339,1.0,3.0,0.0,0.0,0.0,0.0,0.5,0,True
SYNTHETIC-00460,train,1.0,1.0,3.0,0.0,0.0,0.0,0.0,1.0,1,True
SYNTHETIC-00461,held_out_test,0.0,0.0,3.0,0.0,0.0,0.0,0.0,1.0,0,True
SYNTHETIC-00462,train,0.5866346714415989,0.0,2.0,0.0,0.0,0.0,0.0,1.0,0,True
SYNTHETIC-00463,validation,0.9312109467206667,1.0,2.0,0.0,1.0,1.0,0.0,1.0,0,True
SYNTHETIC-00464,train,1.0,1.0,2.0,0.0,0.0,0.0,0.0,1.0,0,True
SYNTHETIC-00465,validation,1.0,1.0,8.0,0.0,0.0,0.0,0.0,1.0,1,True
SYNTHETIC-00466,held_out_test,0.9108146743651884,1.0,4.0,0.0,0.0,0.0,0.0,1.0,1,True
SYNTHETIC-00467,train,0.11048950801599168,1.0,5.0,0.0,0.0,0.0,0.0,1.0,0,True
SYNTHETIC-00468,train,0.6549141140928323,0.0,6.0,0.0,0.0,0.0,0.0,1.0,0,True
SYNTHETIC-00469,train,0.1254991326452714,1.0,2.0,0.0,0.0,0.0,0.0,1.0,0,True
SYNTHETIC-00470,validation,1.0,1.0,8.0,0.0,0.0,0.0,0.0,1.0,1,True
SYNTHETIC-00471,train,0.6728768270370192,1.0,4.0,0.0,0.0,1.0,0.0,1.0,0,True
SYNTHETIC-00472,train,0.2771027513304204,0.0,5.0,0.0,0.0,0.0,0.0,1.0,0,True
SYNTHETIC-00473,validation,0.8927007718189112,1.0,3.0,0.0,0.0,0.0,0.0,1.0,1,True
SYNTHETIC-00474,validation,0.9659922878489473,1.0,3.0,0.0,0.0,0.0,0.0,1.0,1,True
SYNTHETIC-00475,train,0.541595835926736,0.0,2.0,0.0,0.0,0.0,0.0,1.0,0,True
SYNTHETIC-00476,validation,0.4203368667647365,1.0,5.0,0.0,0.0,0.0,0.0,1.0,1,True
SYNTHETIC-00477,train,0.7104588707773642,0.0,8.0,0.0,0.0,0.0,0.0,1.0,1,True
SYNTHETIC-00478,train,0.805593598259153,0.0,1.0,0.0,0.0,0.0,1.0,1.0,0,True
SYNTHETIC-00479,held_out_test,0.3368743380670645,1.0,4.0,0.0,0.0,0.0,0.0,1.0,0,True
SYNTHETIC-00480,held_out_test,0.8973189224037041,1.0,4.0,0.0,0.0,0.0,1.0,1.0,0,True
SYNTHETIC-00481,train,0.40453794035984386,0.0,6.0,1.0,1.0,0.0,0.0,1.0,0,True
SYNTHETIC-00482,train,1.0,1.0,6.0,0.0,0.0,0.0,0.0,1.0,1,True
SYNTHETIC-00483,train,0.5949585744750887,0.0,8.0,0.0,0.0,0.0,0.0,0.5,0,True
SYNTHETIC-00484,train,0.29804623682277254,1.0,3.0,0.0,0.0,0.0,0.0,1.0,0,True
SYNTHETIC-00485,train,0.7145182242522389,1.0,2.0,0.0,0.0,0.0,0.0,1.0,1,True
SYNTHETIC-00486,validation,0.7303294296025622,1.0,4.0,0.0,0.0,0.0,0.0,1.0,1,True
SYNTHETIC-00487,train,0.333143455060833,1.0,2.0,0.0,0.0,0.0,0.0,0.5,0,True
SYNTHETIC-00488,train,0.7763179762516916,0.0,4.0,0.0,0.0,0.0,0.0,1.0,0,True
SYNTHETIC-00489,train,0.209281709682251,1.0,3.0,0.0,0.0,0.0,0.0,1.0,0,True
SYNTHETIC-00490,train,0.340480376803893,1.0,3.0,0.0,0.0,0.0,0.0,1.0,0,True
SYNTHETIC-00491,train,0.6783652326538232,0.0,6.0,0.0,0.0,0.0,0.0,1.0,0,True
SYNTHETIC-00492,train,0.0,0.0,2.0,0.0,0.0,0.0,0.0,1.0,0,True
SYNTHETIC-00493,train,0.7706106834563122,1.0,4.0,0.0,0.0,1.0,0.0,1.0,0,True
SYNTHETIC-00494,validation,0.5874028886989301,1.0,6.0,0.0,0.0,0.0,0.0,1.0,1,True
SYNTHETIC-00495,train,0.6377862802405814,0.0,4.0,0.0,0.0,0.0,0.0,0.5,0,True
SYNTHETIC-00496,held_out_test,0.9200744810204147,1.0,7.0,0.0,0.0,0.0,0.0,0.5,0,True
SYNTHETIC-00497,train,0.0,1.0,1.0,0.0,0.0,0.0,0.0,0.5,0,True
SYNTHETIC-00498,train,0.31577485907785324,1.0,4.0,0.0,1.0,0.0,0.0,1.0,0,True
SYNTHETIC-00499,validation,0.020891974141261076,1.0,1.0,0.0,0.0,0.0,0.0,1.0,0,True
SYNTHETIC-00500,validation,0.04428321871794377,1.0,1.0,0.0,0.0,0.0,0.0,1.0,0,True
SYNTHETIC-00501,train,0.1363621617759711,1.0,4.0,0.0,0.0,0.0,0.0,1.0,0,True
SYNTHETIC-00502,train,0.6018932529132117,0.0,3.0,0.0,0.0,0.0,0.0,1.0,0,True
SYNTHETIC-00503,train,0.37506821051443195,0.0,2.0,0.0,0.0,0.0,0.0,1.0,0,True
SYNTHETIC-00504,train,0.40316516336747166,1.0,8.0,0.0,0.0,0.0,0.0,0.5,0,True
SYNTHETIC-00505,held_out_test,0.8288891020927404,1.0,7.0,0.0,0.0,0.0,0.0,1.0,0,True
SYNTHETIC-00506,train,1.0,1.0,4.0,0.0,0.0,0.0,0.0,1.0,1,True
SYNTHETIC-00507,validation,0.3371776856636043,1.0,8.0,0.0,0.0,0.0,0.0,1.0,0,True
SYNTHETIC-00508,validation,0.531293215328047,1.0,1.0,0.0,0.0,0.0,0.0,1.0,1,True
SYNTHETIC-00509,train,0.0,0.0,8.0,0.0,0.0,1.0,0.0,1.0,0,True
SYNTHETIC-00510,train,0.15248805341527386,1.0,8.0,0.0,0.0,1.0,0.0,1.0,0,True
SYNTHETIC-00511,train,0.4361088198889568,1.0,4.0,0.0,0.0,1.0,0.0,1.0,0,True
SYNTHETIC-00512,train,0.4124194728696438,0.0,6.0,0.0,0.0,0.0,0.0,1.0,0,True
SYNTHETIC-00513,validation,1.0,1.0,3.0,0.0,0.0,0.0,0.0,0.5,0,True
SYNTHETIC-00514,held_out_test,0.9832727305151234,1.0,8.0,0.0,0.0,0.0,0.0,1.0,1,True
SYNTHETIC-00515,held_out_test,0.6222723758550602,1.0,4.0,0.0,1.0,0.0,0.0,1.0,0,True
SYNTHETIC-00516,held_out_test,0.22322979560449546,0.0,2.0,1.0,0.0,0.0,1.0,1.0,0,True
SYNTHETIC-00517,held_out_test,0.2815463227514536,0.0,1.0,1.0,0.0,1.0,0.0,1.0,0,True
SYNTHETIC-00518,train,0.8259775952405057,1.0,6.0,0.0,0.0,0.0,0.0,1.0,1,True
SYNTHETIC-00519,train,0.6502660870858562,0.0,8.0,0.0,0.0,0.0,0.0,1.0,0,True
SYNTHETIC-00520,train,0.8562608681769478,1.0,6.0,0.0,0.0,0.0,0.0,1.0,1,True
SYNTHETIC-00521,held_out_test,0.5316804420131914,1.0,6.0,0.0,0.0,1.0,0.0,1.0,0,True
SYNTHETIC-00522,train,0.688778332738563,0.0,7.0,0.0,0.0,0.0,0.0,1.0,0,True
SYNTHETIC-00523,validation,0.2975585693719983,1.0,3.0,0.0,0.0,0.0,0.0,1.0,0,True
SYNTHETIC-00524,validation,0.6181759780674444,1.0,3.0,0.0,0.0,0.0,0.0,1.0,1,True
SYNTHETIC-00525,train,0.648122891170497,1.0,7.0,0.0,0.0,0.0,0.0,1.0,1,True
SYNTHETIC-00526,train,0.8699904174136159,1.0,6.0,0.0,0.0,0.0,0.0,1.0,1,True
SYNTHETIC-00527,validation,0.05048931016876329,0.0,2.0,0.0,0.0,1.0,0.0,0.5,0,True
SYNTHETIC-00528,train,0.5532267287078706,0.0,1.0,0.0,0.0,0.0,0.0,1.0,0,True
SYNTHETIC-00529,train,1.0,1.0,7.0,0.0,1.0,1.0,0.0,1.0,0,True
SYNTHETIC-00530,held_out_test,0.171499666398823,0.0,7.0,0.0,0.0,0.0,0.0,0.5,0,True
SYNTHETIC-00531,validation,0.6156833133232187,1.0,4.0,0.0,0.0,0.0,0.0,0.5,0,True
SYNTHETIC-00532,held_out_test,0.20616109936454183,1.0,7.0,0.0,0.0,0.0,0.0,1.0,0,True
SYNTHETIC-00533,held_out_test,0.9545582251381507,1.0,7.0,0.0,0.0,0.0,0.0,1.0,1,True
SYNTHETIC-00534,train,0.5687503875453337,1.0,6.0,0.0,0.0,0.0,0.0,0.5,0,True
SYNTHETIC-00535,validation,0.4333016107227432,0.0,8.0,0.0,0.0,0.0,0.0,0.5,0,True
SYNTHETIC-00536,validation,0.4747117017694522,0.0,8.0,0.0,0.0,0.0,0.0,1.0,0,True
SYNTHETIC-00537,validation,0.4267801756289726,0.0,3.0,0.0,0.0,0.0,0.0,1.0,0,True
SYNTHETIC-00538,validation,0.7923987865555636,1.0,8.0,0.0,1.0,0.0,1.0,0.5,0,True
SYNTHETIC-00539,held_out_test,0.0713844241860865,0.0,5.0,1.0,0.0,0.0,0.0,1.0,0,True
SYNTHETIC-00540,train,0.3952274972299171,1.0,4.0,0.0,0.0,0.0,0.0,1.0,0,True
SYNTHETIC-00541,train,0.5156860095274755,1.0,2.0,0.0,0.0,0.0,0.0,1.0,1,True
SYNTHETIC-00542,train,0.7077117338571226,1.0,6.0,0.0,0.0,0.0,0.0,1.0,1,True
SYNTHETIC-00543,train,0.3380600048127115,1.0,7.0,0.0,0.0,0.0,0.0,1.0,0,True
SYNTHETIC-00544,held_out_test,0.7161627199419617,0.0,2.0,1.0,0.0,1.0,0.0,1.0,0,True
SYNTHETIC-00545,held_out_test,0.3282530799606458,1.0,4.0,0.0,1.0,0.0,0.0,1.0,0,True
SYNTHETIC-00546,train,0.753057079472081,1.0,8.0,0.0,0.0,0.0,0.0,0.5,0,True
SYNTHETIC-00547,train,0.6334013394944423,0.0,8.0,0.0,1.0,0.0,0.0,1.0,0,True
SYNTHETIC-00548,train,1.0,1.0,4.0,0.0,0.0,0.0,0.0,1.0,1,True
SYNTHETIC-00549,train,0.42031647540581807,0.0,8.0,0.0,0.0,0.0,0.0,1.0,0,True
SYNTHETIC-00550,train,0.8521339148075449,1.0,7.0,0.0,0.0,0.0,0.0,1.0,1,True
SYNTHETIC-00551,train,0.5207365326239055,0.0,3.0,0.0,0.0,1.0,0.0,0.5,0,True
SYNTHETIC-00552,validation,0.18487744557988664,0.0,4.0,0.0,0.0,0.0,0.0,1.0,0,True
SYNTHETIC-00553,train,0.0,1.0,1.0,0.0,1.0,0.0,0.0,1.0,0,True
SYNTHETIC-00554,train,0.05580832008237743,1.0,1.0,0.0,0.0,0.0,0.0,1.0,0,True
SYNTHETIC-00555,train,0.1955464777323032,1.0,5.0,0.0,0.0,0.0,1.0,1.0,0,True
SYNTHETIC-00556,train,0.63161947425589,1.0,1.0,0.0,0.0,0.0,0.0,1.0,1,True
SYNTHETIC-00557,train,1.0,1.0,3.0,0.0,1.0,0.0,0.0,1.0,0,True
SYNTHETIC-00558,held_out_test,0.37274280947317967,0.0,2.0,0.0,0.0,0.0,0.0,1.0,0,True
SYNTHETIC-00559,validation,0.7634878042018024,1.0,3.0,0.0,0.0,0.0,0.0,0.5,0,True
SYNTHETIC-00560,validation,0.9397906178774554,1.0,2.0,0.0,0.0,0.0,0.0,1.0,1,True
SYNTHETIC-00561,validation,0.6974073320125844,1.0,5.0,0.0,0.0,0.0,0.0,1.0,1,True
SYNTHETIC-00562,train,0.5727811549813429,1.0,7.0,0.0,0.0,0.0,0.0,1.0,1,True
SYNTHETIC-00563,train,0.4296007754014607,1.0,5.0,0.0,1.0,0.0,0.0,0.5,0,True
SYNTHETIC-00564,validation,0.7859100378810197,1.0,7.0,0.0,0.0,0.0,0.0,1.0,1,True
SYNTHETIC-00565,train,0.6956355653589589,0.0,5.0,0.0,0.0,0.0,0.0,1.0,0,True
SYNTHETIC-00566,train,0.6210721105979914,1.0,6.0,0.0,0.0,0.0,0.0,1.0,0,True
SYNTHETIC-00567,train,0.22726728610370803,0.0,3.0,0.0,0.0,0.0,0.0,1.0,0,True
SYNTHETIC-00568,train,0.8870580550262934,1.0,3.0,0.0,0.0,1.0,1.0,1.0,0,True
SYNTHETIC-00569,train,0.6351631349521208,0.0,2.0,0.0,0.0,0.0,0.0,1.0,0,True
SYNTHETIC-00570,train,0.5868108103781213,1.0,5.0,0.0,1.0,0.0,0.0,1.0,0,True
SYNTHETIC-00571,train,0.2669475002372951,1.0,2.0,0.0,0.0,0.0,0.0,1.0,0,True
SYNTHETIC-00572,train,1.0,1.0,6.0,0.0,0.0,0.0,0.0,1.0,1,True
SYNTHETIC-00573,train,0.22017636376925578,1.0,6.0,0.0,0.0,0.0,0.0,1.0,0,True
SYNTHETIC-00574,train,0.0,0.0,8.0,0.0,0.0,0.0,0.0,1.0,0,True
SYNTHETIC-00575,train,0.0,0.0,4.0,1.0,1.0,0.0,0.0,1.0,0,True
SYNTHETIC-00576,train,0.8145359974248323,0.0,8.0,0.0,0.0,0.0,0.0,0.5,0,True
SYNTHETIC-00577,validation,0.10603981828715449,0.0,4.0,0.0,1.0,0.0,0.0,1.0,0,True
SYNTHETIC-00578,validation,0.5717105818320537,1.0,6.0,0.0,0.0,0.0,0.0,1.0,1,True
SYNTHETIC-00579,train,0.6911728760756876,1.0,8.0,0.0,1.0,0.0,1.0,1.0,0,True
SYNTHETIC-00580,train,0.0,0.0,5.0,0.0,0.0,0.0,0.0,1.0,0,True
SYNTHETIC-00581,train,0.9166161162066256,1.0,8.0,0.0,0.0,0.0,0.0,1.0,1,True
SYNTHETIC-00582,train,0.5788372498385582,1.0,5.0,0.0,0.0,0.0,0.0,0.5,0,True
SYNTHETIC-00583,train,0.9400308205172245,1.0,1.0,0.0,0.0,1.0,0.0,1.0,0,True
SYNTHETIC-00584,train,0.7012091145878783,1.0,4.0,0.0,0.0,0.0,0.0,1.0,1,True
SYNTHETIC-00585,train,0.5969566061205823,1.0,7.0,0.0,1.0,0.0,0.0,1.0,0,True
SYNTHETIC-00586,validation,0.9286144233433445,0.0,6.0,0.0,0.0,1.0,0.0,1.0,0,True
SYNTHETIC-00587,train,1.0,1.0,2.0,0.0,0.0,0.0,0.0,1.0,1,True
SYNTHETIC-00588,train,0.9215908712416019,1.0,3.0,1.0,0.0,0.0,0.0,1.0,0,True
SYNTHETIC-00589,train,0.5378978967478627,1.0,6.0,1.0,0.0,0.0,0.0,1.0,0,True
SYNTHETIC-00590,train,0.6522974798121344,0.0,7.0,0.0,0.0,0.0,0.0,0.5,0,True
SYNTHETIC-00591,validation,0.9067212756807888,1.0,2.0,0.0,0.0,0.0,0.0,1.0,1,True
SYNTHETIC-00592,held_out_test,0.6657940835843191,1.0,4.0,0.0,0.0,1.0,0.0,1.0,0,True
SYNTHETIC-00593,train,0.2952816208802349,0.0,2.0,0.0,1.0,0.0,0.0,0.5,0,True
SYNTHETIC-00594,held_out_test,0.0,0.0,3.0,0.0,0.0,0.0,0.0,1.0,0,True
SYNTHETIC-00595,held_out_test,0.39404873753826974,1.0,8.0,0.0,0.0,0.0,0.0,1.0,0,True
SYNTHETIC-00596,train,0.18105820805327383,0.0,1.0,0.0,0.0,1.0,0.0,1.0,0,True
SYNTHETIC-00597,train,0.5521241842486935,1.0,5.0,0.0,0.0,0.0,0.0,0.5,0,True
SYNTHETIC-00598,held_out_test,0.6642782125295363,1.0,4.0,0.0,0.0,0.0,0.0,1.0,1,True
SYNTHETIC-00599,train,0.8995945883906289,1.0,3.0,0.0,0.0,0.0,0.0,1.0,1,True
SYNTHETIC-00600,train,0.8772679388908698,1.0,8.0,0.0,0.0,0.0,0.0,1.0,1,True
SYNTHETIC-00601,train,0.09146229894824658,1.0,8.0,0.0,0.0,0.0,0.0,1.0,0,True
SYNTHETIC-00602,train,0.5964313101034182,0.0,1.0,0.0,0.0,0.0,0.0,1.0,0,True
SYNTHETIC-00603,validation,0.3347096860113241,0.0,3.0,0.0,0.0,0.0,0.0,1.0,0,True
SYNTHETIC-00604,train,0.6648305260495747,0.0,2.0,0.0,0.0,1.0,0.0,0.5,0,True
SYNTHETIC-00605,train,0.0,1.0,1.0,1.0,0.0,1.0,0.0,1.0,0,True
SYNTHETIC-00606,validation,0.7357882020207736,0.0,5.0,0.0,0.0,0.0,0.0,1.0,0,True
SYNTHETIC-00607,train,0.6332371717135851,0.0,4.0,0.0,0.0,0.0,0.0,1.0,0,True
SYNTHETIC-00608,held_out_test,0.468002167446158,1.0,4.0,0.0,0.0,0.0,0.0,1.0,0,True
SYNTHETIC-00609,train,1.0,1.0,6.0,0.0,0.0,0.0,0.0,1.0,1,True
SYNTHETIC-00610,held_out_test,0.6487046038390654,1.0,8.0,0.0,0.0,0.0,1.0,1.0,0,True
SYNTHETIC-00611,held_out_test,0.45514022502113166,0.0,6.0,0.0,0.0,0.0,0.0,1.0,0,True
SYNTHETIC-00612,train,0.3169706669239808,0.0,5.0,0.0,0.0,0.0,0.0,0.5,0,True
SYNTHETIC-00613,train,0.5286960869840621,0.0,4.0,0.0,1.0,1.0,0.0,1.0,0,True
SYNTHETIC-00614,validation,0.35940179928859295,0.0,4.0,0.0,0.0,0.0,1.0,1.0,0,True
SYNTHETIC-00615,validation,0.8319959977353586,1.0,5.0,0.0,0.0,0.0,0.0,0.5,0,True
SYNTHETIC-00616,held_out_test,0.7143908026692628,1.0,3.0,0.0,0.0,0.0,0.0,1.0,1,True
SYNTHETIC-00617,train,0.5881596538188427,0.0,5.0,0.0,0.0,0.0,0.0,0.5,0,True
SYNTHETIC-00618,validation,0.8821993450409543,1.0,4.0,0.0,0.0,0.0,0.0,1.0,1,True
SYNTHETIC-00619,train,0.31822166264817286,1.0,3.0,0.0,0.0,0.0,1.0,1.0,0,True
SYNTHETIC-00620,held_out_test,0.3244378865062669,1.0,7.0,0.0,0.0,0.0,1.0,1.0,0,True
SYNTHETIC-00621,train,0.15876388966863836,1.0,1.0,0.0,0.0,0.0,0.0,1.0,0,True
SYNTHETIC-00622,train,0.7328394521916941,1.0,7.0,0.0,0.0,0.0,0.0,0.5,0,True
SYNTHETIC-00623,train,0.6926195474899832,1.0,2.0,0.0,0.0,0.0,0.0,1.0,1,True
SYNTHETIC-00624,validation,0.7750858324723656,0.0,4.0,0.0,0.0,0.0,0.0,0.5,0,True
SYNTHETIC-00625,held_out_test,1.0,1.0,6.0,0.0,0.0,0.0,0.0,1.0,1,True
SYNTHETIC-00626,train,0.2982735986284327,0.0,8.0,0.0,1.0,0.0,0.0,1.0,0,True
SYNTHETIC-00627,train,0.7682009500170391,1.0,7.0,0.0,0.0,0.0,0.0,1.0,1,True
SYNTHETIC-00628,train,0.6093849618484386,1.0,6.0,0.0,0.0,0.0,0.0,0.5,0,True
SYNTHETIC-00629,held_out_test,0.8729595440266036,1.0,4.0,0.0,0.0,1.0,0.0,1.0,0,True
SYNTHETIC-00630,validation,0.5029264088685502,1.0,3.0,0.0,0.0,0.0,0.0,1.0,0,True
SYNTHETIC-00631,train,0.0,1.0,3.0,1.0,0.0,0.0,0.0,0.5,0,True
SYNTHETIC-00632,held_out_test,0.48940766575677486,1.0,7.0,0.0,0.0,0.0,0.0,1.0,0,True
SYNTHETIC-00633,held_out_test,0.44862964584031106,1.0,5.0,0.0,0.0,0.0,0.0,1.0,1,True
SYNTHETIC-00634,validation,0.6784198065609854,0.0,1.0,0.0,0.0,0.0,0.0,0.5,0,True
SYNTHETIC-00635,held_out_test,0.07930414707762526,0.0,1.0,0.0,0.0,0.0,1.0,0.5,0,True
SYNTHETIC-00636,train,0.8401979546461485,1.0,1.0,0.0,0.0,0.0,0.0,1.0,1,True
SYNTHETIC-00637,held_out_test,0.7016267875421061,1.0,5.0,0.0,0.0,0.0,0.0,1.0,0,True
SYNTHETIC-00638,validation,0.479850730546786,1.0,8.0,0.0,0.0,0.0,0.0,1.0,0,True
SYNTHETIC-00639,validation,0.4524739880505768,1.0,4.0,0.0,0.0,0.0,0.0,1.0,1,True
SYNTHETIC-00640,train,0.15974908291854825,0.0,2.0,0.0,0.0,0.0,0.0,1.0,0,True
SYNTHETIC-00641,validation,0.8645239809112468,1.0,4.0,0.0,0.0,0.0,0.0,1.0,1,True
SYNTHETIC-00642,train,0.26194654227191283,1.0,6.0,0.0,1.0,1.0,0.0,1.0,0,True
SYNTHETIC-00643,train,0.4248338072870694,0.0,1.0,0.0,0.0,0.0,0.0,1.0,0,True
SYNTHETIC-00644,train,0.4018553472987697,1.0,6.0,0.0,0.0,0.0,0.0,0.5,0,True
SYNTHETIC-00645,train,0.5078243974948544,1.0,8.0,0.0,0.0,0.0,0.0,1.0,0,True
SYNTHETIC-00646,train,0.7238634350845279,1.0,8.0,0.0,1.0,0.0,0.0,1.0,0,True
SYNTHETIC-00647,train,0.21473658657149006,0.0,2.0,0.0,1.0,0.0,0.0,0.5,0,True
SYNTHETIC-00648,held_out_test,1.0,1.0,8.0,0.0,0.0,0.0,0.0,0.5,0,True
SYNTHETIC-00649,train,0.4452754342287363,0.0,1.0,0.0,0.0,0.0,0.0,1.0,0,True
SYNTHETIC-00650,train,1.0,0.0,4.0,0.0,0.0,0.0,0.0,0.5,0,True
SYNTHETIC-00651,held_out_test,0.6225498765272933,1.0,4.0,0.0,1.0,0.0,0.0,1.0,0,True
SYNTHETIC-00652,validation,0.5827942819218889,1.0,6.0,0.0,0.0,0.0,0.0,1.0,1,True
SYNTHETIC-00653,train,0.8343368102134592,1.0,7.0,0.0,0.0,0.0,0.0,1.0,1,True
SYNTHETIC-00654,held_out_test,0.39900011098207794,1.0,5.0,0.0,0.0,0.0,0.0,1.0,0,True
SYNTHETIC-00655,train,0.6000224528126388,1.0,7.0,0.0,0.0,0.0,0.0,1.0,1,True
SYNTHETIC-00656,validation,0.04107265660251139,0.0,8.0,0.0,0.0,0.0,0.0,1.0,0,True
SYNTHETIC-00657,train,1.0,1.0,5.0,0.0,0.0,0.0,0.0,0.5,0,True
SYNTHETIC-00658,train,0.9054309543895344,1.0,5.0,0.0,0.0,0.0,0.0,1.0,1,True
SYNTHETIC-00659,held_out_test,0.29183354873924305,1.0,5.0,0.0,0.0,0.0,1.0,1.0,0,True
SYNTHETIC-00660,validation,0.485589232236893,1.0,3.0,0.0,0.0,0.0,0.0,1.0,0,True
SYNTHETIC-00661,train,0.5952297919891628,1.0,4.0,1.0,0.0,0.0,0.0,1.0,0,True
SYNTHETIC-00662,train,1.0,1.0,5.0,0.0,0.0,0.0,0.0,0.5,0,True
SYNTHETIC-00663,train,0.3072262427463416,1.0,1.0,0.0,0.0,0.0,0.0,1.0,0,True
SYNTHETIC-00664,validation,0.67806188638456,0.0,4.0,0.0,0.0,0.0,0.0,1.0,0,True
SYNTHETIC-00665,train,0.1337720627945008,0.0,3.0,0.0,0.0,0.0,1.0,1.0,0,True
SYNTHETIC-00666,train,0.5394555198977008,1.0,6.0,0.0,0.0,0.0,0.0,1.0,1,True
SYNTHETIC-00667,validation,0.938893963532397,1.0,4.0,0.0,0.0,0.0,1.0,1.0,0,True
SYNTHETIC-00668,held_out_test,0.5700688507615934,0.0,2.0,1.0,0.0,0.0,0.0,1.0,0,True
SYNTHETIC-00669,train,0.11512706103742373,0.0,5.0,0.0,0.0,0.0,0.0,0.5,0,True
SYNTHETIC-00670,held_out_test,0.2810690402753848,1.0,4.0,0.0,0.0,0.0,0.0,1.0,0,True
SYNTHETIC-00671,train,0.8421773503454888,1.0,6.0,0.0,0.0,0.0,0.0,1.0,1,True
SYNTHETIC-00672,validation,0.4360495355014522,1.0,6.0,1.0,0.0,0.0,0.0,1.0,0,True
SYNTHETIC-00673,train,0.6221603303011306,0.0,8.0,0.0,1.0,1.0,0.0,1.0,0,True
SYNTHETIC-00674,held_out_test,0.43183707186854503,1.0,5.0,1.0,0.0,0.0,0.0,1.0,0,True
SYNTHETIC-00675,train,0.0,0.0,5.0,0.0,0.0,0.0,0.0,1.0,0,True
SYNTHETIC-00676,train,0.35679527633456165,0.0,3.0,0.0,0.0,0.0,0.0,1.0,0,True
SYNTHETIC-00677,train,0.5735878400502119,1.0,6.0,0.0,0.0,1.0,0.0,1.0,0,True
SYNTHETIC-00678,validation,0.20436554387039824,0.0,4.0,0.0,0.0,0.0,1.0,0.5,0,True
SYNTHETIC-00679,held_out_test,0.8686213283856701,1.0,8.0,0.0,0.0,0.0,0.0,1.0,1,True
SYNTHETIC-00680,held_out_test,0.516498793410834,1.0,6.0,1.0,0.0,0.0,0.0,1.0,0,True
SYNTHETIC-00681,train,0.5607169393122658,1.0,3.0,0.0,0.0,0.0,0.0,1.0,1,True
SYNTHETIC-00682,validation,1.0,1.0,8.0,0.0,0.0,0.0,0.0,1.0,0,True
SYNTHETIC-00683,train,1.0,1.0,4.0,0.0,0.0,0.0,0.0,1.0,1,True
SYNTHETIC-00684,held_out_test,0.09194095763788407,1.0,5.0,0.0,0.0,0.0,0.0,0.5,0,True
SYNTHETIC-00685,train,0.5889811976829845,1.0,6.0,0.0,0.0,0.0,0.0,1.0,1,True
SYNTHETIC-00686,validation,0.6000890004037536,0.0,6.0,0.0,0.0,0.0,0.0,1.0,1,True
SYNTHETIC-00687,train,1.0,1.0,5.0,0.0,0.0,0.0,0.0,1.0,1,True
SYNTHETIC-00688,validation,0.3840510264689425,0.0,6.0,0.0,0.0,1.0,0.0,1.0,0,True
SYNTHETIC-00689,train,0.5437747064760544,0.0,8.0,0.0,1.0,0.0,0.0,1.0,0,True
SYNTHETIC-00690,train,0.26591931190153006,0.0,2.0,1.0,0.0,0.0,0.0,0.5,0,True
SYNTHETIC-00691,validation,0.34618745428266273,0.0,5.0,0.0,0.0,0.0,0.0,1.0,0,True
SYNTHETIC-00692,train,0.6752568530969141,0.0,5.0,0.0,1.0,0.0,0.0,1.0,0,True
SYNTHETIC-00693,held_out_test,0.7134606728425684,0.0,8.0,0.0,0.0,0.0,0.0,0.5,0,True
SYNTHETIC-00694,train,0.5304158788598401,1.0,5.0,0.0,0.0,0.0,0.0,1.0,1,True
SYNTHETIC-00695,train,0.6439636264941528,1.0,2.0,0.0,1.0,1.0,0.0,1.0,0,True
SYNTHETIC-00696,train,0.6833949786113527,0.0,7.0,0.0,0.0,0.0,1.0,0.5,0,True
SYNTHETIC-00697,validation,1.0,1.0,7.0,0.0,0.0,0.0,0.0,1.0,1,True
SYNTHETIC-00698,validation,0.47876578606900694,0.0,7.0,1.0,0.0,0.0,0.0,1.0,0,True
SYNTHETIC-00699,validation,0.3200289525217779,1.0,2.0,0.0,0.0,0.0,0.0,1.0,1,True
SYNTHETIC-00700,validation,0.9132930423060185,1.0,2.0,0.0,0.0,0.0,0.0,0.5,0,True
SYNTHETIC-00701,train,0.15833487196783647,0.0,1.0,0.0,1.0,0.0,1.0,1.0,0,True
SYNTHETIC-00702,train,0.49635141730168636,1.0,4.0,0.0,0.0,0.0,0.0,1.0,1,True
SYNTHETIC-00703,train,0.86227157297826,1.0,1.0,0.0,0.0,1.0,1.0,1.0,0,True
SYNTHETIC-00704,held_out_test,0.3268688956784272,0.0,7.0,0.0,0.0,0.0,0.0,0.5,0,True
SYNTHETIC-00705,train,1.0,1.0,5.0,0.0,0.0,1.0,0.0,1.0,0,True
SYNTHETIC-00706,train,1.0,1.0,3.0,1.0,0.0,0.0,0.0,1.0,0,True
SYNTHETIC-00707,train,1.0,0.0,3.0,0.0,0.0,0.0,0.0,0.5,0,True
SYNTHETIC-00708,train,0.18960334575131127,0.0,4.0,0.0,0.0,0.0,0.0,1.0,0,True
SYNTHETIC-00709,held_out_test,0.5916365052077877,1.0,2.0,0.0,0.0,0.0,0.0,1.0,1,True
SYNTHETIC-00710,train,0.8602113025554187,1.0,4.0,0.0,0.0,0.0,0.0,1.0,1,True
SYNTHETIC-00711,train,0.8490576538028752,1.0,6.0,0.0,0.0,0.0,0.0,1.0,1,True
SYNTHETIC-00712,validation,0.9096800969919573,1.0,4.0,0.0,0.0,0.0,0.0,1.0,1,True
SYNTHETIC-00713,train,0.36299623659383484,1.0,4.0,0.0,1.0,0.0,0.0,1.0,0,True
SYNTHETIC-00714,held_out_test,0.5399403949236268,1.0,7.0,0.0,0.0,0.0,0.0,1.0,1,True
SYNTHETIC-00715,train,0.5745621174426924,0.0,4.0,0.0,0.0,0.0,0.0,1.0,0,True
SYNTHETIC-00716,train,0.5643958901263036,1.0,1.0,0.0,0.0,0.0,0.0,0.5,0,True
SYNTHETIC-00717,held_out_test,1.0,1.0,5.0,0.0,0.0,0.0,0.0,1.0,1,True
SYNTHETIC-00718,train,0.5928213652639457,0.0,2.0,0.0,0.0,0.0,0.0,0.5,0,True
SYNTHETIC-00719,train,1.0,0.0,7.0,0.0,0.0,0.0,0.0,1.0,0,True
SYNTHETIC-00720,train,0.01696241442760204,0.0,2.0,0.0,0.0,0.0,0.0,1.0,0,True
SYNTHETIC-00721,train,0.852575467237697,1.0,6.0,0.0,0.0,0.0,0.0,1.0,1,True
SYNTHETIC-00722,train,0.9497568228299873,0.0,4.0,0.0,0.0,0.0,0.0,1.0,0,True
SYNTHETIC-00723,train,0.7859240954360044,1.0,4.0,0.0,0.0,1.0,0.0,1.0,0,True
SYNTHETIC-00724,train,0.7969575930444406,1.0,8.0,0.0,0.0,0.0,0.0,1.0,1,True
SYNTHETIC-00725,held_out_test,0.25603364088962055,1.0,7.0,0.0,0.0,0.0,0.0,0.5,0,True
SYNTHETIC-00726,train,0.3014916879124221,1.0,2.0,0.0,0.0,0.0,0.0,1.0,0,True
SYNTHETIC-00727,held_out_test,0.8574940397868317,1.0,7.0,0.0,1.0,0.0,0.0,1.0,0,True
SYNTHETIC-00728,train,0.7214302092556828,1.0,3.0,0.0,0.0,0.0,0.0,1.0,1,True
SYNTHETIC-00729,validation,0.4072942829974632,1.0,4.0,0.0,0.0,0.0,0.0,1.0,0,True
SYNTHETIC-00730,train,0.06425047394983245,1.0,7.0,0.0,0.0,0.0,1.0,1.0,0,True
SYNTHETIC-00731,train,0.7768874225953173,0.0,2.0,0.0,0.0,0.0,1.0,1.0,0,True
SYNTHETIC-00732,train,0.6471028370330066,1.0,4.0,0.0,0.0,0.0,0.0,1.0,1,True
SYNTHETIC-00733,train,0.4284910482498952,1.0,1.0,0.0,0.0,0.0,0.0,1.0,0,True
SYNTHETIC-00734,train,0.39653228705793697,1.0,5.0,1.0,0.0,1.0,0.0,1.0,0,True
SYNTHETIC-00735,train,0.1041105140991516,0.0,6.0,0.0,0.0,0.0,0.0,1.0,0,True
SYNTHETIC-00736,held_out_test,0.432267553813862,1.0,5.0,0.0,0.0,0.0,0.0,1.0,0,True
SYNTHETIC-00737,train,0.2364678312206176,0.0,8.0,0.0,0.0,0.0,0.0,0.5,0,True
SYNTHETIC-00738,train,0.2838351189526115,0.0,6.0,0.0,1.0,0.0,1.0,1.0,0,True
SYNTHETIC-00739,train,0.617729553424192,0.0,1.0,0.0,0.0,0.0,0.0,1.0,0,True
SYNTHETIC-00740,held_out_test,0.4417776857277478,1.0,2.0,0.0,0.0,1.0,0.0,1.0,0,True
SYNTHETIC-00741,train,0.0,0.0,4.0,0.0,0.0,0.0,0.0,0.5,0,True
SYNTHETIC-00742,train,0.6986839666207469,0.0,4.0,0.0,0.0,0.0,0.0,1.0,1,True
SYNTHETIC-00743,train,0.15448104262826026,1.0,2.0,0.0,0.0,1.0,0.0,1.0,0,True
SYNTHETIC-00744,train,1.0,1.0,5.0,0.0,1.0,0.0,0.0,0.5,0,True
SYNTHETIC-00745,held_out_test,0.9151470156817165,1.0,5.0,0.0,0.0,0.0,0.0,1.0,1,True
SYNTHETIC-00746,train,0.629320337887063,1.0,4.0,0.0,0.0,0.0,0.0,1.0,0,True
SYNTHETIC-00747,validation,0.7763018636584044,0.0,7.0,0.0,0.0,0.0,0.0,1.0,1,True
SYNTHETIC-00748,train,0.5085604045530614,1.0,4.0,0.0,0.0,0.0,0.0,1.0,1,True
SYNTHETIC-00749,held_out_test,0.5831835116167001,1.0,7.0,0.0,0.0,0.0,0.0,1.0,1,True
SYNTHETIC-00750,train,0.5144147285934071,0.0,6.0,0.0,1.0,0.0,0.0,1.0,0,True
SYNTHETIC-00751,train,0.6934092662696428,1.0,8.0,0.0,0.0,0.0,0.0,1.0,1,True
SYNTHETIC-00752,train,0.8909881664627965,1.0,6.0,0.0,0.0,0.0,0.0,1.0,1,True
SYNTHETIC-00753,validation,0.6461916550215642,1.0,4.0,0.0,0.0,0.0,0.0,0.5,0,True
SYNTHETIC-00754,validation,0.8464529985384068,1.0,1.0,0.0,0.0,0.0,0.0,1.0,1,True
SYNTHETIC-00755,train,0.7149077780625365,0.0,6.0,0.0,0.0,0.0,1.0,0.0,0,True
SYNTHETIC-00756,train,0.24380047900889174,0.0,5.0,0.0,0.0,0.0,1.0,1.0,0,True
SYNTHETIC-00757,train,0.7039333636913175,1.0,8.0,0.0,0.0,0.0,0.0,1.0,1,True
SYNTHETIC-00758,validation,0.46377792255640227,1.0,5.0,0.0,0.0,0.0,1.0,0.5,0,True
SYNTHETIC-00759,train,0.298604314899484,1.0,6.0,0.0,0.0,0.0,0.0,1.0,0,True
SYNTHETIC-00760,train,0.7569765185926189,1.0,8.0,0.0,0.0,0.0,0.0,1.0,1,True
SYNTHETIC-00761,train,0.795885369678925,1.0,8.0,0.0,0.0,0.0,0.0,1.0,1,True
SYNTHETIC-00762,train,0.3867537813844807,1.0,2.0,0.0,0.0,0.0,0.0,1.0,0,True
SYNTHETIC-00763,held_out_test,0.6387935164354405,1.0,2.0,0.0,0.0,1.0,0.0,1.0,0,True
SYNTHETIC-00764,held_out_test,0.7129155908297243,1.0,7.0,0.0,0.0,1.0,0.0,0.0,0,True
SYNTHETIC-00765,held_out_test,0.9979742212468248,1.0,2.0,0.0,0.0,1.0,0.0,1.0,0,True
SYNTHETIC-00766,validation,0.5450381960607057,1.0,7.0,0.0,1.0,0.0,0.0,1.0,0,True
SYNTHETIC-00767,train,0.9013632063538412,1.0,2.0,1.0,0.0,0.0,1.0,1.0,0,True
SYNTHETIC-00768,train,0.3167737189801551,0.0,3.0,0.0,0.0,0.0,0.0,1.0,0,True
SYNTHETIC-00769,held_out_test,0.29916526154763756,0.0,7.0,0.0,0.0,0.0,0.0,1.0,0,True
SYNTHETIC-00770,train,1.0,1.0,2.0,0.0,0.0,0.0,0.0,1.0,1,True
SYNTHETIC-00771,train,0.7424445736051397,1.0,1.0,0.0,0.0,0.0,0.0,1.0,1,True
SYNTHETIC-00772,validation,0.0,0.0,7.0,0.0,1.0,0.0,0.0,1.0,0,True
SYNTHETIC-00773,train,0.16337184722122533,0.0,7.0,0.0,0.0,0.0,0.0,1.0,0,True
SYNTHETIC-00774,held_out_test,1.0,1.0,7.0,0.0,0.0,0.0,0.0,1.0,1,True
SYNTHETIC-00775,train,0.7753218381602919,0.0,4.0,0.0,0.0,0.0,1.0,1.0,0,True
SYNTHETIC-00776,train,0.9143783164843587,0.0,7.0,0.0,0.0,0.0,0.0,1.0,0,True
SYNTHETIC-00777,train,0.9464728124437711,1.0,6.0,0.0,0.0,0.0,1.0,1.0,0,True
SYNTHETIC-00778,held_out_test,0.35728708592722086,1.0,4.0,0.0,0.0,0.0,0.0,1.0,0,True
SYNTHETIC-00779,train,0.671114082038613,1.0,6.0,0.0,1.0,0.0,0.0,1.0,0,True
SYNTHETIC-00780,train,0.6090489351133781,1.0,2.0,0.0,0.0,0.0,0.0,1.0,1,True
SYNTHETIC-00781,train,0.4097565451407608,1.0,4.0,0.0,0.0,0.0,0.0,1.0,0,True
SYNTHETIC-00782,held_out_test,0.028160167017125703,0.0,7.0,0.0,0.0,0.0,0.0,0.5,0,True
SYNTHETIC-00783,train,0.968192800519917,1.0,2.0,0.0,0.0,0.0,0.0,0.5,0,True
SYNTHETIC-00784,validation,0.8777633710541046,1.0,4.0,0.0,0.0,0.0,0.0,1.0,1,True
SYNTHETIC-00785,train,0.3294661016079381,1.0,5.0,0.0,0.0,0.0,0.0,0.5,0,True
SYNTHETIC-00786,validation,0.8630601259075826,1.0,5.0,0.0,0.0,0.0,0.0,1.0,1,True
SYNTHETIC-00787,held_out_test,0.8241190839784187,0.0,8.0,0.0,1.0,1.0,0.0,1.0,0,True
SYNTHETIC-00788,train,0.18202564032368945,1.0,6.0,0.0,0.0,0.0,1.0,1.0,0,True
SYNTHETIC-00789,held_out_test,0.9221979196642104,1.0,1.0,0.0,0.0,0.0,0.0,1.0,1,True
SYNTHETIC-00790,train,0.5694140376828082,1.0,8.0,1.0,0.0,0.0,0.0,1.0,0,True
SYNTHETIC-00791,train,0.7756867668911102,1.0,2.0,0.0,0.0,1.0,0.0,0.5,0,True
SYNTHETIC-00792,train,0.7809977254085521,0.0,5.0,0.0,0.0,0.0,0.0,1.0,0,True
SYNTHETIC-00793,train,0.6072472417198589,1.0,7.0,0.0,0.0,0.0,0.0,1.0,1,True
SYNTHETIC-00794,train,0.06902618118432984,0.0,5.0,1.0,0.0,0.0,0.0,1.0,0,True
SYNTHETIC-00795,train,0.6674700325124565,1.0,1.0,0.0,0.0,0.0,0.0,1.0,1,True
SYNTHETIC-00796,validation,0.2781240741444163,0.0,3.0,0.0,0.0,0.0,0.0,1.0,0,True
SYNTHETIC-00797,validation,0.6061288260933446,1.0,1.0,0.0,0.0,0.0,0.0,1.0,0,True
SYNTHETIC-00798,train,1.0,1.0,4.0,0.0,0.0,0.0,0.0,1.0,1,True
SYNTHETIC-00799,train,0.8152665374933572,0.0,8.0,0.0,0.0,0.0,1.0,1.0,0,True
SYNTHETIC-00800,train,0.9539505638961261,1.0,3.0,0.0,0.0,0.0,0.0,1.0,1,True
SYNTHETIC-00801,train,0.6897796485870045,1.0,7.0,0.0,0.0,0.0,0.0,1.0,1,True
SYNTHETIC-00802,train,0.8174419125642602,1.0,1.0,0.0,1.0,0.0,0.0,1.0,0,True
SYNTHETIC-00803,train,1.0,0.0,3.0,0.0,0.0,1.0,0.0,1.0,0,True
SYNTHETIC-00804,train,0.2784448396453033,0.0,5.0,0.0,0.0,0.0,0.0,1.0,0,True
SYNTHETIC-00805,validation,0.7515460930415998,1.0,8.0,1.0,0.0,0.0,0.0,1.0,0,True
SYNTHETIC-00806,train,0.5252903816052685,0.0,5.0,0.0,0.0,0.0,0.0,1.0,0,True
SYNTHETIC-00807,train,0.6620326232189945,1.0,6.0,0.0,0.0,0.0,0.0,1.0,1,True
SYNTHETIC-00808,train,0.27692558240098786,0.0,7.0,0.0,0.0,0.0,0.0,0.5,0,True
SYNTHETIC-00809,validation,0.3625634000831607,1.0,1.0,0.0,0.0,1.0,0.0,1.0,0,True
SYNTHETIC-00810,train,0.18950735576727948,0.0,8.0,0.0,0.0,0.0,0.0,1.0,0,True
SYNTHETIC-00811,train,0.7858620749757157,0.0,4.0,0.0,0.0,1.0,1.0,0.5,0,True
SYNTHETIC-00812,train,0.6476675015853642,1.0,3.0,0.0,1.0,0.0,0.0,1.0,0,True
SYNTHETIC-00813,train,0.43018611944647317,1.0,7.0,0.0,0.0,0.0,0.0,0.5,0,True
SYNTHETIC-00814,held_out_test,0.7346657732027375,0.0,4.0,0.0,1.0,0.0,0.0,1.0,0,True
SYNTHETIC-00815,train,0.6200580051265975,1.0,6.0,0.0,0.0,0.0,0.0,0.5,0,True
SYNTHETIC-00816,train,0.5502087714141083,1.0,3.0,0.0,1.0,0.0,0.0,1.0,0,True
SYNTHETIC-00817,train,1.0,1.0,5.0,0.0,1.0,0.0,1.0,0.5,0,True
SYNTHETIC-00818,train,1.0,1.0,2.0,0.0,0.0,0.0,0.0,1.0,1,True
SYNTHETIC-00819,held_out_test,0.7898209067429218,0.0,4.0,0.0,0.0,0.0,0.0,1.0,1,True
SYNTHETIC-00820,held_out_test,0.5295200752468268,1.0,4.0,0.0,0.0,0.0,0.0,1.0,0,True
SYNTHETIC-00821,validation,0.6684097803346735,1.0,2.0,0.0,0.0,0.0,0.0,1.0,1,True
SYNTHETIC-00822,train,0.1253303067184781,0.0,8.0,0.0,0.0,0.0,0.0,1.0,0,True
SYNTHETIC-00823,validation,0.0,0.0,5.0,0.0,0.0,0.0,0.0,0.5,0,True
SYNTHETIC-00824,held_out_test,0.8856618873366274,1.0,7.0,0.0,0.0,0.0,0.0,1.0,1,True
SYNTHETIC-00825,train,0.7308563221712615,0.0,2.0,0.0,0.0,0.0,0.0,1.0,1,True
SYNTHETIC-00826,validation,0.9217306869002302,1.0,4.0,0.0,0.0,0.0,0.0,1.0,1,True
SYNTHETIC-00827,train,0.19618430761481176,0.0,7.0,1.0,0.0,0.0,0.0,1.0,0,True
SYNTHETIC-00828,validation,0.502271530045479,0.0,2.0,0.0,0.0,0.0,0.0,0.0,0,True
SYNTHETIC-00829,train,0.5607504930578645,1.0,2.0,0.0,0.0,0.0,0.0,1.0,1,True
SYNTHETIC-00830,train,0.22917938539760727,1.0,8.0,1.0,0.0,0.0,1.0,1.0,0,True
SYNTHETIC-00831,train,0.9238723190693612,1.0,1.0,0.0,1.0,0.0,0.0,1.0,0,True
SYNTHETIC-00832,train,0.31051879922748415,1.0,4.0,1.0,0.0,0.0,0.0,1.0,0,True
SYNTHETIC-00833,validation,0.33967383645741966,1.0,1.0,0.0,0.0,0.0,0.0,1.0,0,True
SYNTHETIC-00834,train,1.0,1.0,3.0,0.0,1.0,1.0,0.0,1.0,0,True
SYNTHETIC-00835,train,1.0,1.0,7.0,0.0,0.0,0.0,0.0,1.0,1,True
SYNTHETIC-00836,train,0.0,1.0,3.0,0.0,1.0,0.0,0.0,1.0,0,True
SYNTHETIC-00837,held_out_test,0.5289300107433829,1.0,4.0,0.0,0.0,0.0,0.0,1.0,1,True
SYNTHETIC-00838,train,0.8975159206494896,1.0,8.0,1.0,0.0,0.0,1.0,1.0,0,True
SYNTHETIC-00839,validation,0.1534763761898843,0.0,4.0,0.0,0.0,0.0,0.0,1.0,0,True
SYNTHETIC-00840,train,0.11303251727223401,1.0,5.0,0.0,0.0,0.0,0.0,1.0,0,True
SYNTHETIC-00841,train,0.8518301992527254,1.0,5.0,0.0,0.0,0.0,0.0,1.0,1,True
SYNTHETIC-00842,train,0.7070466428151014,1.0,6.0,0.0,0.0,1.0,0.0,1.0,0,True
SYNTHETIC-00843,train,0.5668319970862903,0.0,5.0,1.0,0.0,0.0,0.0,1.0,0,True
SYNTHETIC-00844,train,0.24736456413322142,0.0,7.0,0.0,0.0,0.0,0.0,1.0,0,True
SYNTHETIC-00845,train,0.8974430501153393,0.0,8.0,0.0,1.0,0.0,0.0,1.0,0,True
SYNTHETIC-00846,train,1.0,1.0,8.0,0.0,0.0,0.0,0.0,1.0,1,True
SYNTHETIC-00847,train,0.37055760613619537,1.0,3.0,0.0,0.0,0.0,0.0,1.0,0,True
SYNTHETIC-00848,train,1.0,1.0,2.0,0.0,0.0,0.0,0.0,1.0,1,True
SYNTHETIC-00849,train,1.0,1.0,2.0,0.0,0.0,0.0,0.0,1.0,1,True
SYNTHETIC-00850,validation,0.7041826547100458,1.0,7.0,0.0,1.0,0.0,0.0,1.0,0,True
SYNTHETIC-00851,train,0.49954130765091276,1.0,7.0,0.0,0.0,0.0,0.0,1.0,0,True
SYNTHETIC-00852,validation,0.8643765412987141,0.0,2.0,0.0,0.0,0.0,0.0,1.0,0,True
SYNTHETIC-00853,train,0.9416194973042786,1.0,4.0,1.0,0.0,0.0,1.0,1.0,0,True
SYNTHETIC-00854,validation,0.4084208968817395,0.0,1.0,0.0,0.0,0.0,0.0,1.0,0,True
SYNTHETIC-00855,train,1.0,1.0,5.0,0.0,1.0,0.0,0.0,1.0,0,True
SYNTHETIC-00856,train,0.7545257630264737,1.0,6.0,0.0,0.0,0.0,0.0,1.0,1,True
SYNTHETIC-00857,train,0.0,0.0,2.0,0.0,0.0,0.0,0.0,1.0,0,True
SYNTHETIC-00858,train,0.062489839377160517,0.0,8.0,0.0,0.0,0.0,0.0,1.0,0,True
SYNTHETIC-00859,train,0.6767560197712793,0.0,7.0,0.0,0.0,0.0,0.0,1.0,0,True
SYNTHETIC-00860,held_out_test,1.0,1.0,8.0,0.0,0.0,0.0,0.0,1.0,1,True
SYNTHETIC-00861,validation,0.552130296635134,1.0,8.0,0.0,1.0,0.0,0.0,1.0,0,True
SYNTHETIC-00862,validation,0.5899671822780381,1.0,1.0,1.0,0.0,0.0,0.0,1.0,0,True
SYNTHETIC-00863,train,0.38574048547905027,1.0,4.0,0.0,1.0,0.0,1.0,1.0,0,True
SYNTHETIC-00864,train,0.9832273539614624,1.0,4.0,0.0,0.0,0.0,0.0,1.0,1,True
SYNTHETIC-00865,held_out_test,0.23739779228585778,1.0,1.0,0.0,0.0,0.0,0.0,1.0,0,True
SYNTHETIC-00866,train,0.2479643637924323,1.0,8.0,0.0,0.0,0.0,0.0,1.0,0,True
SYNTHETIC-00867,train,1.0,1.0,1.0,0.0,0.0,0.0,0.0,1.0,0,True
SYNTHETIC-00868,train,0.3955519588290367,0.0,6.0,0.0,0.0,0.0,0.0,0.5,0,True
SYNTHETIC-00869,validation,0.5735200287758909,0.0,3.0,0.0,0.0,0.0,1.0,1.0,0,True
SYNTHETIC-00870,held_out_test,0.0,0.0,5.0,0.0,1.0,0.0,0.0,1.0,0,True
SYNTHETIC-00871,validation,0.930134603445176,1.0,4.0,0.0,1.0,0.0,0.0,1.0,0,True
SYNTHETIC-00872,held_out_test,0.30889434993822007,1.0,2.0,0.0,0.0,0.0,0.0,0.5,0,True
SYNTHETIC-00873,train,0.9970720589119705,1.0,4.0,0.0,1.0,0.0,0.0,1.0,0,True
SYNTHETIC-00874,held_out_test,0.8661516260128764,1.0,6.0,0.0,0.0,0.0,0.0,1.0,1,True
SYNTHETIC-00875,train,0.10984430675658181,0.0,5.0,0.0,0.0,0.0,0.0,1.0,0,True
SYNTHETIC-00876,held_out_test,0.5890231621054534,1.0,2.0,1.0,0.0,0.0,0.0,1.0,0,True
SYNTHETIC-00877,validation,0.45347349338617166,1.0,3.0,0.0,0.0,0.0,0.0,1.0,0,True
SYNTHETIC-00878,validation,0.2426870458257846,0.0,6.0,0.0,0.0,0.0,0.0,1.0,0,True
SYNTHETIC-00879,held_out_test,0.6071295706758347,1.0,2.0,1.0,0.0,1.0,0.0,1.0,0,True
SYNTHETIC-00880,validation,0.588955753809498,1.0,5.0,0.0,0.0,0.0,0.0,1.0,1,True
SYNTHETIC-00881,train,0.7221832572107885,0.0,8.0,1.0,0.0,0.0,0.0,1.0,0,True
SYNTHETIC-00882,train,0.2268018351148641,0.0,5.0,1.0,0.0,0.0,0.0,1.0,0,True
SYNTHETIC-00883,train,0.0,0.0,3.0,0.0,0.0,0.0,0.0,1.0,0,True
SYNTHETIC-00884,validation,0.813250543284211,1.0,6.0,0.0,0.0,1.0,0.0,1.0,0,True
SYNTHETIC-00885,validation,0.7842754599088779,1.0,8.0,0.0,0.0,1.0,0.0,0.5,0,True
SYNTHETIC-00886,train,1.0,1.0,6.0,0.0,0.0,0.0,0.0,1.0,1,True
SYNTHETIC-00887,train,0.7649073607070732,1.0,5.0,0.0,0.0,1.0,0.0,0.5,0,True
SYNTHETIC-00888,validation,0.395997480087641,1.0,5.0,1.0,1.0,0.0,0.0,1.0,0,True
SYNTHETIC-00889,validation,0.6417040860713115,1.0,1.0,0.0,0.0,0.0,0.0,1.0,1,True
SYNTHETIC-00890,validation,0.16210225673934328,1.0,1.0,1.0,0.0,0.0,0.0,1.0,0,True
SYNTHETIC-00891,held_out_test,0.7541409918689865,1.0,5.0,0.0,0.0,0.0,0.0,1.0,0,True
SYNTHETIC-00892,validation,0.5989810226576955,1.0,4.0,0.0,0.0,0.0,0.0,1.0,0,True
SYNTHETIC-00893,validation,0.5367181103663754,1.0,8.0,0.0,0.0,0.0,0.0,1.0,0,True
SYNTHETIC-00894,train,0.271187886184748,1.0,4.0,0.0,0.0,0.0,0.0,1.0,0,True
SYNTHETIC-00895,train,0.5631424024685182,1.0,7.0,1.0,0.0,0.0,0.0,1.0,0,True
SYNTHETIC-00896,held_out_test,0.0782111634553213,0.0,6.0,0.0,0.0,0.0,0.0,0.5,0,True
SYNTHETIC-00897,validation,0.20077160706563185,1.0,3.0,0.0,0.0,0.0,0.0,1.0,0,True
SYNTHETIC-00898,train,0.8310129512890512,0.0,7.0,0.0,1.0,0.0,0.0,1.0,0,True
SYNTHETIC-00899,train,0.22282614393071065,1.0,1.0,0.0,1.0,0.0,0.0,1.0,0,True
SYNTHETIC-00900,train,0.41007687220760936,0.0,6.0,0.0,0.0,0.0,1.0,1.0,0,True
SYNTHETIC-00901,held_out_test,0.1257307604730012,0.0,4.0,0.0,0.0,0.0,0.0,1.0,0,True
SYNTHETIC-00902,train,0.6203959278727582,0.0,6.0,0.0,0.0,0.0,0.0,1.0,0,True
SYNTHETIC-00903,train,0.9232424858946714,1.0,1.0,0.0,0.0,0.0,1.0,1.0,0,True
SYNTHETIC-00904,train,0.25246636692030655,0.0,2.0,0.0,1.0,0.0,0.0,0.5,0,True
SYNTHETIC-00905,train,0.9260191610049285,1.0,3.0,0.0,0.0,0.0,0.0,1.0,1,True
SYNTHETIC-00906,held_out_test,0.4832178275825135,1.0,5.0,0.0,1.0,0.0,0.0,1.0,0,True
SYNTHETIC-00907,train,0.4322043118141323,1.0,8.0,0.0,0.0,0.0,0.0,1.0,0,True
SYNTHETIC-00908,train,0.6694585082537923,0.0,8.0,0.0,0.0,1.0,0.0,1.0,0,True
SYNTHETIC-00909,train,0.6407786001929067,0.0,6.0,0.0,0.0,0.0,0.0,1.0,0,True
SYNTHETIC-00910,validation,0.7173051213141372,1.0,1.0,1.0,0.0,0.0,0.0,1.0,0,True
SYNTHETIC-00911,train,0.46988903577470137,0.0,7.0,0.0,0.0,0.0,0.0,1.0,0,True
SYNTHETIC-00912,train,0.6527165698789542,1.0,7.0,0.0,0.0,0.0,0.0,0.5,0,True
SYNTHETIC-00913,train,0.5894265017459688,1.0,5.0,0.0,1.0,1.0,0.0,1.0,0,True
SYNTHETIC-00914,train,0.8052956169720764,1.0,1.0,0.0,1.0,0.0,0.0,0.5,0,True
SYNTHETIC-00915,train,0.871321927101607,1.0,2.0,0.0,0.0,0.0,1.0,1.0,0,True
SYNTHETIC-00916,held_out_test,0.332549561585954,1.0,7.0,0.0,0.0,0.0,1.0,1.0,0,True
SYNTHETIC-00917,train,0.4979094668483868,1.0,2.0,0.0,1.0,0.0,0.0,1.0,0,True
SYNTHETIC-00918,held_out_test,0.05085845681835389,0.0,3.0,0.0,0.0,0.0,0.0,1.0,0,True
SYNTHETIC-00919,held_out_test,1.0,1.0,7.0,0.0,0.0,0.0,0.0,0.5,0,True
SYNTHETIC-00920,held_out_test,0.7378112764105017,1.0,2.0,0.0,1.0,0.0,0.0,1.0,0,True
SYNTHETIC-00921,train,0.48351015885146875,1.0,4.0,0.0,0.0,0.0,0.0,1.0,1,True
SYNTHETIC-00922,validation,0.7585833704868443,1.0,6.0,0.0,0.0,0.0,1.0,0.5,0,True
SYNTHETIC-00923,validation,0.9385974280958567,1.0,4.0,0.0,0.0,0.0,0.0,1.0,1,True
SYNTHETIC-00924,held_out_test,0.6322281941766899,0.0,8.0,0.0,0.0,0.0,0.0,1.0,0,True
SYNTHETIC-00925,held_out_test,0.306417175859076,0.0,2.0,0.0,0.0,0.0,0.0,1.0,0,True
SYNTHETIC-00926,validation,0.0,1.0,5.0,0.0,0.0,0.0,0.0,1.0,0,True
SYNTHETIC-00927,validation,1.0,0.0,3.0,0.0,0.0,0.0,0.0,1.0,0,True
SYNTHETIC-00928,train,0.7403519332980389,1.0,5.0,0.0,0.0,0.0,0.0,0.5,0,True
SYNTHETIC-00929,train,0.6324615125467455,0.0,2.0,0.0,0.0,0.0,0.0,1.0,0,True
SYNTHETIC-00930,train,0.4002417672258328,1.0,6.0,0.0,1.0,0.0,0.0,1.0,0,True
SYNTHETIC-00931,train,0.804154086219471,1.0,2.0,0.0,0.0,0.0,0.0,1.0,1,True
SYNTHETIC-00932,train,0.12868296640219712,1.0,7.0,0.0,1.0,0.0,0.0,1.0,0,True
SYNTHETIC-00933,train,0.6960791827073068,1.0,8.0,0.0,0.0,0.0,0.0,1.0,1,True
SYNTHETIC-00934,train,0.7231470870818175,0.0,3.0,0.0,0.0,0.0,0.0,1.0,0,True
SYNTHETIC-00935,validation,0.4407963824341199,0.0,6.0,0.0,0.0,0.0,0.0,1.0,0,True
SYNTHETIC-00936,train,0.49902023109952953,1.0,5.0,0.0,0.0,0.0,0.0,1.0,1,True
SYNTHETIC-00937,held_out_test,0.3300784057372178,1.0,7.0,0.0,0.0,0.0,0.0,1.0,0,True
SYNTHETIC-00938,held_out_test,0.11254231690289483,1.0,8.0,0.0,0.0,0.0,0.0,0.5,0,True
SYNTHETIC-00939,validation,0.41934878853423874,0.0,7.0,0.0,0.0,0.0,0.0,1.0,0,True
SYNTHETIC-00940,train,0.873235663848852,0.0,3.0,0.0,0.0,0.0,0.0,1.0,1,True
SYNTHETIC-00941,train,0.0,1.0,5.0,0.0,0.0,0.0,0.0,0.5,0,True
SYNTHETIC-00942,validation,0.7975494933667887,1.0,1.0,0.0,0.0,0.0,0.0,1.0,1,True
SYNTHETIC-00943,train,0.09130235963329984,0.0,3.0,0.0,0.0,0.0,0.0,1.0,0,True
SYNTHETIC-00944,held_out_test,0.6801703382554459,1.0,3.0,0.0,1.0,0.0,0.0,1.0,0,True
SYNTHETIC-00945,validation,0.24991948129873204,0.0,4.0,0.0,0.0,0.0,0.0,1.0,0,True
SYNTHETIC-00946,train,0.6881621332036383,1.0,7.0,0.0,1.0,0.0,0.0,0.5,0,True
SYNTHETIC-00947,train,0.573428417002069,0.0,1.0,0.0,1.0,0.0,0.0,1.0,0,True
SYNTHETIC-00948,train,0.7827803954322314,1.0,4.0,0.0,0.0,1.0,0.0,0.5,0,True
SYNTHETIC-00949,train,0.2650678789920159,1.0,7.0,0.0,0.0,0.0,0.0,1.0,0,True
SYNTHETIC-00950,validation,0.0,0.0,2.0,0.0,0.0,0.0,1.0,1.0,0,True
SYNTHETIC-00951,validation,0.28536800913649923,0.0,7.0,1.0,0.0,0.0,1.0,1.0,0,True
SYNTHETIC-00952,train,0.8330538467423823,1.0,1.0,0.0,0.0,0.0,0.0,0.5,0,True
SYNTHETIC-00953,train,0.8093901495704509,0.0,5.0,0.0,0.0,0.0,0.0,0.5,0,True
SYNTHETIC-00954,train,0.9135902384148625,0.0,8.0,0.0,0.0,0.0,0.0,1.0,0,True
SYNTHETIC-00955,held_out_test,0.2829872033053304,1.0,4.0,0.0,0.0,1.0,0.0,0.5,0,True
SYNTHETIC-00956,train,0.8648133108909881,1.0,6.0,0.0,0.0,1.0,0.0,1.0,0,True
SYNTHETIC-00957,held_out_test,0.6938759042874837,1.0,2.0,0.0,0.0,0.0,0.0,1.0,1,True
SYNTHETIC-00958,train,0.7330086483521419,0.0,4.0,1.0,0.0,0.0,0.0,1.0,0,True
SYNTHETIC-00959,train,1.0,1.0,1.0,0.0,0.0,0.0,0.0,0.5,0,True
SYNTHETIC-00960,validation,0.4868051224628651,0.0,1.0,0.0,0.0,0.0,0.0,1.0,0,True
SYNTHETIC-00961,train,0.3368517912601572,1.0,3.0,0.0,0.0,0.0,0.0,1.0,0,True
SYNTHETIC-00962,validation,1.0,1.0,8.0,1.0,0.0,0.0,0.0,0.5,0,True
SYNTHETIC-00963,train,0.17987021019616922,0.0,8.0,0.0,0.0,0.0,0.0,1.0,0,True
SYNTHETIC-00964,train,0.4387341118456309,0.0,1.0,0.0,0.0,0.0,1.0,1.0,0,True
SYNTHETIC-00965,train,0.5057735541784916,1.0,1.0,0.0,0.0,0.0,1.0,1.0,0,True
SYNTHETIC-00966,train,0.7728301887147924,0.0,6.0,0.0,0.0,0.0,0.0,1.0,0,True
SYNTHETIC-00967,train,0.6858366890966501,1.0,8.0,0.0,0.0,0.0,0.0,1.0,1,True
SYNTHETIC-00968,train,0.2716211465808002,0.0,5.0,0.0,1.0,0.0,0.0,1.0,0,True
SYNTHETIC-00969,validation,0.5172620920800033,1.0,5.0,0.0,0.0,0.0,0.0,0.5,0,True
SYNTHETIC-00970,validation,0.7179198129765821,1.0,5.0,0.0,0.0,1.0,0.0,1.0,0,True
SYNTHETIC-00971,train,0.09430723245481847,1.0,4.0,0.0,0.0,0.0,0.0,1.0,0,True
SYNTHETIC-00972,held_out_test,0.6211700385484037,1.0,6.0,0.0,0.0,0.0,0.0,0.5,0,True
SYNTHETIC-00973,validation,0.6161366294433027,1.0,1.0,0.0,0.0,0.0,0.0,1.0,1,True
SYNTHETIC-00974,validation,0.489035963519466,0.0,1.0,0.0,0.0,0.0,0.0,0.5,0,True
SYNTHETIC-00975,train,0.6247107620786698,0.0,1.0,0.0,0.0,0.0,0.0,1.0,0,True
SYNTHETIC-00976,validation,0.7635984445430702,1.0,2.0,0.0,0.0,0.0,0.0,0.5,0,True
SYNTHETIC-00977,validation,0.8636943498406064,1.0,5.0,0.0,0.0,0.0,0.0,1.0,1,True
SYNTHETIC-00978,held_out_test,0.8863009756475535,1.0,3.0,1.0,0.0,0.0,0.0,1.0,0,True
SYNTHETIC-00979,train,0.6329795100337071,1.0,5.0,0.0,0.0,0.0,0.0,1.0,1,True
SYNTHETIC-00980,train,1.0,1.0,1.0,0.0,0.0,0.0,0.0,0.5,0,True
SYNTHETIC-00981,held_out_test,0.7913679959151182,1.0,4.0,0.0,0.0,0.0,0.0,0.0,0,True
SYNTHETIC-00982,train,0.8271832447775637,1.0,2.0,0.0,0.0,0.0,0.0,1.0,1,True
SYNTHETIC-00983,train,0.6292953201461157,1.0,3.0,0.0,0.0,0.0,0.0,1.0,1,True
SYNTHETIC-00984,held_out_test,0.6585680722213504,1.0,6.0,0.0,0.0,0.0,0.0,1.0,1,True
SYNTHETIC-00985,held_out_test,0.7129808966244803,1.0,1.0,1.0,0.0,0.0,1.0,1.0,0,True
SYNTHETIC-00986,train,0.593050627249952,1.0,7.0,0.0,0.0,0.0,0.0,0.5,0,True
SYNTHETIC-00987,train,1.0,1.0,3.0,1.0,0.0,0.0,0.0,1.0,0,True
SYNTHETIC-00988,held_out_test,0.3700512914422518,0.0,7.0,0.0,0.0,0.0,0.0,1.0,0,True
SYNTHETIC-00989,validation,0.6711169869407603,0.0,6.0,0.0,0.0,1.0,0.0,0.5,0,True
SYNTHETIC-00990,validation,1.0,1.0,8.0,0.0,0.0,0.0,0.0,1.0,1,True
SYNTHETIC-00991,train,0.6361683960799435,1.0,5.0,0.0,0.0,0.0,0.0,1.0,1,True
SYNTHETIC-00992,validation,0.5036022772224529,1.0,4.0,0.0,0.0,0.0,0.0,1.0,0,True
SYNTHETIC-00993,train,0.5795379964453682,1.0,2.0,0.0,0.0,0.0,0.0,1.0,1,True
SYNTHETIC-00994,train,0.6693333910322077,1.0,1.0,1.0,0.0,0.0,0.0,1.0,0,True
SYNTHETIC-00995,train,0.9760294062675122,0.0,7.0,0.0,0.0,0.0,0.0,1.0,1,True
SYNTHETIC-00996,validation,0.12570003370211533,1.0,6.0,0.0,0.0,0.0,0.0,1.0,0,True
SYNTHETIC-00997,train,0.6086837553630917,0.0,2.0,0.0,1.0,0.0,1.0,1.0,0,True
SYNTHETIC-00998,train,0.7903986535544687,0.0,1.0,0.0,1.0,1.0,0.0,1.0,0,True
SYNTHETIC-00999,train,0.4179127593144529,0.0,7.0,0.0,0.0,0.0,0.0,1.0,0,True
SYNTHETIC-01000,train,0.6918685208527783,1.0,1.0,0.0,0.0,0.0,0.0,1.0,0,True
SYNTHETIC-01001,train,0.8974620589369611,1.0,5.0,0.0,0.0,0.0,0.0,1.0,1,True
SYNTHETIC-01002,validation,0.8079673422069661,1.0,3.0,0.0,1.0,1.0,0.0,1.0,0,True
SYNTHETIC-01003,held_out_test,0.30152821988453826,0.0,6.0,0.0,0.0,0.0,0.0,1.0,0,True
SYNTHETIC-01004,train,0.9482817516958176,1.0,1.0,0.0,0.0,0.0,0.0,1.0,1,True
SYNTHETIC-01005,validation,0.24825995833522918,0.0,1.0,0.0,0.0,0.0,0.0,1.0,0,True
SYNTHETIC-01006,validation,0.5437946207517657,1.0,2.0,0.0,0.0,0.0,1.0,1.0,0,True
SYNTHETIC-01007,validation,0.4323827151075462,1.0,6.0,0.0,0.0,0.0,0.0,1.0,1,True
SYNTHETIC-01008,validation,0.4245388888928275,0.0,6.0,0.0,0.0,0.0,0.0,1.0,0,True
SYNTHETIC-01009,train,0.5046600890226028,0.0,6.0,0.0,0.0,0.0,0.0,1.0,0,True
SYNTHETIC-01010,held_out_test,0.5684358443534474,1.0,5.0,0.0,0.0,1.0,0.0,1.0,0,True
SYNTHETIC-01011,train,0.5248083974099159,1.0,2.0,0.0,0.0,0.0,0.0,1.0,0,True
SYNTHETIC-01012,train,0.057079960631602825,0.0,2.0,0.0,0.0,0.0,0.0,1.0,0,True
SYNTHETIC-01013,train,1.0,1.0,2.0,0.0,0.0,0.0,0.0,0.0,0,True
SYNTHETIC-01014,train,0.6524218342396697,0.0,2.0,0.0,0.0,0.0,0.0,1.0,0,True
SYNTHETIC-01015,validation,0.5667284832075954,0.0,6.0,0.0,0.0,0.0,0.0,1.0,0,True
SYNTHETIC-01016,train,0.22700000257687306,0.0,4.0,0.0,0.0,0.0,0.0,1.0,0,True
SYNTHETIC-01017,train,0.8768983929365649,1.0,4.0,0.0,0.0,0.0,0.0,1.0,1,True
SYNTHETIC-01018,validation,0.5432099657801752,1.0,2.0,0.0,0.0,0.0,1.0,1.0,0,True
SYNTHETIC-01019,held_out_test,0.49165271186417614,0.0,6.0,0.0,0.0,0.0,0.0,0.5,0,True
SYNTHETIC-01020,train,0.48988206735741974,1.0,7.0,0.0,0.0,0.0,0.0,1.0,0,True
SYNTHETIC-01021,train,0.5720458695259402,1.0,1.0,0.0,0.0,0.0,0.0,1.0,1,True
SYNTHETIC-01022,validation,0.16238707335534727,0.0,8.0,0.0,0.0,0.0,1.0,0.5,0,True
SYNTHETIC-01023,train,0.16814291259013128,0.0,2.0,0.0,0.0,0.0,0.0,1.0,0,True
SYNTHETIC-01024,train,0.2415779292677259,1.0,8.0,0.0,0.0,1.0,0.0,1.0,0,True
SYNTHETIC-01025,train,0.8390854925124818,1.0,6.0,0.0,0.0,0.0,0.0,1.0,1,True
SYNTHETIC-01026,validation,0.48025768261240354,0.0,8.0,0.0,0.0,0.0,0.0,1.0,0,True
SYNTHETIC-01027,train,0.9900557269420933,1.0,2.0,0.0,1.0,0.0,0.0,0.5,0,True
SYNTHETIC-01028,held_out_test,0.814229661846007,1.0,5.0,0.0,0.0,0.0,0.0,1.0,1,True
SYNTHETIC-01029,held_out_test,0.7169959799523233,0.0,1.0,0.0,0.0,0.0,0.0,0.5,0,True
SYNTHETIC-01030,held_out_test,0.8562641819555739,1.0,4.0,1.0,0.0,0.0,1.0,1.0,0,True
SYNTHETIC-01031,train,0.09610556936349726,1.0,2.0,0.0,0.0,0.0,0.0,1.0,0,True
SYNTHETIC-01032,train,0.716057974237515,1.0,1.0,0.0,0.0,0.0,0.0,1.0,1,True
SYNTHETIC-01033,train,0.6727141036604753,1.0,7.0,0.0,0.0,1.0,0.0,1.0,0,True
SYNTHETIC-01034,train,0.884696387644696,1.0,7.0,0.0,0.0,0.0,0.0,1.0,1,True
SYNTHETIC-01035,train,0.0,0.0,3.0,0.0,0.0,0.0,0.0,1.0,0,True
SYNTHETIC-01036,validation,0.11407447310985896,0.0,4.0,0.0,0.0,0.0,0.0,1.0,0,True
SYNTHETIC-01037,train,0.15218118835039413,0.0,5.0,0.0,0.0,0.0,0.0,1.0,0,True
SYNTHETIC-01038,validation,0.21151993348573161,1.0,5.0,0.0,0.0,0.0,1.0,0.0,0,True
SYNTHETIC-01039,validation,0.03702427442719994,0.0,5.0,0.0,0.0,0.0,0.0,1.0,0,True
SYNTHETIC-01040,train,0.2544811309358712,1.0,3.0,1.0,0.0,1.0,0.0,1.0,0,True
SYNTHETIC-01041,held_out_test,0.6183284325234066,1.0,3.0,0.0,0.0,0.0,0.0,1.0,1,True
SYNTHETIC-01042,train,0.4314908005768197,1.0,8.0,0.0,0.0,0.0,0.0,1.0,0,True
SYNTHETIC-01043,validation,0.5026015288574741,1.0,1.0,0.0,0.0,0.0,0.0,0.5,0,True
SYNTHETIC-01044,train,0.11364469495401451,1.0,4.0,0.0,0.0,0.0,0.0,0.5,0,True
SYNTHETIC-01045,train,0.7264680337280169,1.0,3.0,0.0,0.0,0.0,0.0,1.0,1,True
SYNTHETIC-01046,train,0.6593593166204963,1.0,2.0,1.0,0.0,0.0,0.0,1.0,0,True
SYNTHETIC-01047,held_out_test,0.7271152777694777,1.0,2.0,0.0,0.0,0.0,0.0,1.0,1,True
SYNTHETIC-01048,train,0.746674774460528,1.0,1.0,0.0,0.0,0.0,0.0,1.0,1,True
SYNTHETIC-01049,train,0.48883167097323754,1.0,8.0,0.0,0.0,0.0,1.0,1.0,0,True
SYNTHETIC-01050,held_out_test,0.7714944680763623,1.0,7.0,0.0,0.0,0.0,0.0,1.0,1,True
SYNTHETIC-01051,validation,0.308800929313061,1.0,6.0,0.0,0.0,0.0,0.0,0.5,0,True
SYNTHETIC-01052,held_out_test,0.43580029894177996,0.0,8.0,0.0,0.0,0.0,0.0,1.0,0,True
SYNTHETIC-01053,train,0.0,0.0,7.0,0.0,0.0,0.0,0.0,1.0,0,True
SYNTHETIC-01054,train,0.487561423990295,0.0,2.0,0.0,0.0,0.0,0.0,1.0,0,True
SYNTHETIC-01055,train,0.21913550239832788,0.0,7.0,0.0,1.0,0.0,0.0,0.5,0,True
SYNTHETIC-01056,train,0.49036899474484485,0.0,7.0,0.0,0.0,0.0,0.0,1.0,0,True
SYNTHETIC-01057,validation,0.7819022243351984,1.0,1.0,0.0,0.0,0.0,1.0,1.0,0,True
SYNTHETIC-01058,validation,0.4417664360578094,0.0,8.0,0.0,0.0,0.0,0.0,0.5,0,True
SYNTHETIC-01059,train,0.7163405362032643,1.0,6.0,0.0,0.0,0.0,0.0,1.0,1,True
SYNTHETIC-01060,held_out_test,0.7352431117059313,1.0,8.0,0.0,0.0,0.0,0.0,1.0,1,True
SYNTHETIC-01061,train,0.46802555232990883,1.0,4.0,0.0,0.0,0.0,0.0,1.0,1,True
SYNTHETIC-01062,validation,0.38175714341027084,0.0,6.0,0.0,0.0,0.0,0.0,1.0,0,True
SYNTHETIC-01063,train,0.42181111724176495,1.0,7.0,0.0,0.0,0.0,0.0,1.0,0,True
SYNTHETIC-01064,train,0.5857786932518501,0.0,6.0,0.0,0.0,0.0,1.0,1.0,0,True
SYNTHETIC-01065,validation,0.442121273184353,1.0,8.0,0.0,0.0,1.0,0.0,0.5,0,True
SYNTHETIC-01066,held_out_test,0.22992501674449856,1.0,2.0,0.0,0.0,0.0,0.0,1.0,0,True
SYNTHETIC-01067,train,0.6252136209086389,0.0,3.0,0.0,0.0,0.0,1.0,1.0,0,True
SYNTHETIC-01068,validation,0.7213533889360064,0.0,1.0,1.0,0.0,0.0,0.0,1.0,0,True
SYNTHETIC-01069,train,0.5987237706048774,1.0,5.0,0.0,0.0,0.0,0.0,1.0,1,True
SYNTHETIC-01070,train,0.7960777772727834,1.0,1.0,1.0,0.0,0.0,0.0,1.0,0,True
SYNTHETIC-01071,train,1.0,0.0,3.0,0.0,0.0,0.0,0.0,1.0,1,True
SYNTHETIC-01072,train,0.8497393736935809,1.0,6.0,0.0,0.0,0.0,0.0,1.0,1,True
SYNTHETIC-01073,train,0.5187427581661086,1.0,8.0,0.0,0.0,0.0,0.0,1.0,0,True
SYNTHETIC-01074,validation,0.19170976276231136,0.0,2.0,0.0,0.0,0.0,0.0,1.0,0,True
SYNTHETIC-01075,validation,0.4394406188511575,0.0,3.0,0.0,0.0,0.0,0.0,1.0,0,True
SYNTHETIC-01076,train,0.14718546737882104,1.0,1.0,0.0,0.0,0.0,0.0,1.0,0,True
SYNTHETIC-01077,train,0.9514742089604944,1.0,3.0,0.0,0.0,0.0,0.0,1.0,0,True
SYNTHETIC-01078,held_out_test,0.8747687351306062,0.0,6.0,0.0,0.0,0.0,1.0,1.0,0,True
SYNTHETIC-01079,held_out_test,0.14054985733122805,1.0,8.0,0.0,0.0,0.0,0.0,0.5,0,True
SYNTHETIC-01080,train,0.9663329222456439,1.0,4.0,0.0,0.0,0.0,0.0,1.0,1,True
SYNTHETIC-01081,train,0.41145572180235024,1.0,1.0,1.0,0.0,0.0,0.0,1.0,0,True
SYNTHETIC-01082,train,0.5014127231578651,0.0,3.0,0.0,0.0,0.0,0.0,1.0,0,True
SYNTHETIC-01083,validation,1.0,1.0,4.0,0.0,0.0,0.0,0.0,1.0,1,True
SYNTHETIC-01084,train,0.3057969843043261,1.0,5.0,0.0,0.0,0.0,0.0,0.5,0,True
SYNTHETIC-01085,train,0.48212775015574816,1.0,5.0,0.0,1.0,0.0,0.0,1.0,0,True
SYNTHETIC-01086,train,0.6376803034544153,1.0,7.0,1.0,1.0,0.0,0.0,1.0,0,True
SYNTHETIC-01087,train,0.9958701852851647,1.0,5.0,0.0,0.0,0.0,0.0,1.0,1,True
SYNTHETIC-01088,train,0.6485855390481378,1.0,4.0,0.0,0.0,0.0,0.0,1.0,1,True
SYNTHETIC-01089,train,0.4698351542297009,1.0,1.0,0.0,0.0,0.0,0.0,0.5,0,True
SYNTHETIC-01090,train,0.4948929945174956,0.0,8.0,0.0,0.0,1.0,0.0,0.5,0,True
SYNTHETIC-01091,train,0.7527823651468257,1.0,1.0,0.0,0.0,0.0,0.0,1.0,1,True
SYNTHETIC-01092,train,0.040500895753210586,0.0,3.0,0.0,0.0,0.0,0.0,1.0,0,True
SYNTHETIC-01093,held_out_test,0.8575216017004161,1.0,4.0,0.0,1.0,0.0,1.0,1.0,0,True
SYNTHETIC-01094,train,0.6774283363272929,1.0,8.0,0.0,0.0,0.0,0.0,1.0,1,True
SYNTHETIC-01095,validation,0.38084546379575823,0.0,4.0,0.0,0.0,0.0,0.0,1.0,0,True
SYNTHETIC-01096,train,0.5820240804616498,1.0,4.0,0.0,0.0,0.0,0.0,0.5,0,True
SYNTHETIC-01097,train,0.37336378985604163,0.0,8.0,0.0,0.0,0.0,0.0,1.0,0,True
SYNTHETIC-01098,train,0.5477037706875845,1.0,3.0,0.0,0.0,0.0,0.0,1.0,1,True
SYNTHETIC-01099,train,0.7376798276757207,1.0,7.0,0.0,0.0,1.0,0.0,1.0,0,True
SYNTHETIC-01100,train,0.19202678362836204,1.0,1.0,0.0,0.0,0.0,0.0,0.0,0,True
SYNTHETIC-01101,train,0.36289199499400043,1.0,5.0,0.0,0.0,0.0,0.0,0.5,0,True
SYNTHETIC-01102,held_out_test,0.9472138777931972,1.0,6.0,0.0,0.0,0.0,0.0,1.0,1,True
SYNTHETIC-01103,train,0.829317285511241,1.0,2.0,0.0,0.0,0.0,0.0,1.0,1,True
SYNTHETIC-01104,validation,0.4051181373248319,1.0,7.0,0.0,0.0,0.0,0.0,1.0,0,True
SYNTHETIC-01105,held_out_test,0.528904956527732,1.0,8.0,0.0,0.0,0.0,0.0,1.0,1,True
SYNTHETIC-01106,held_out_test,0.2237618561920059,0.0,1.0,0.0,0.0,0.0,0.0,0.5,0,True
SYNTHETIC-01107,held_out_test,0.3498470559865838,1.0,2.0,0.0,0.0,0.0,0.0,0.5,0,True
SYNTHETIC-01108,train,0.5666966194665345,1.0,2.0,0.0,0.0,1.0,0.0,1.0,0,True
SYNTHETIC-01109,validation,0.8601220612969359,1.0,8.0,0.0,0.0,0.0,0.0,1.0,1,True
SYNTHETIC-01110,held_out_test,0.4515865691126979,1.0,3.0,0.0,0.0,0.0,0.0,1.0,0,True
SYNTHETIC-01111,held_out_test,0.017976521355950088,0.0,8.0,0.0,0.0,0.0,0.0,0.5,0,True
SYNTHETIC-01112,train,0.5601779049667566,1.0,4.0,0.0,0.0,0.0,0.0,1.0,1,True
SYNTHETIC-01113,held_out_test,0.9935145851442289,1.0,8.0,0.0,0.0,0.0,0.0,0.5,0,True
SYNTHETIC-01114,held_out_test,0.8737354382661546,1.0,5.0,0.0,0.0,0.0,0.0,1.0,0,True
SYNTHETIC-01115,train,0.1431369504560257,0.0,3.0,0.0,0.0,0.0,0.0,0.5,0,True
SYNTHETIC-01116,held_out_test,1.0,1.0,5.0,0.0,0.0,0.0,0.0,1.0,1,True
SYNTHETIC-01117,held_out_test,0.6672637122638511,1.0,2.0,0.0,0.0,0.0,0.0,1.0,1,True
SYNTHETIC-01118,held_out_test,0.6151346343552426,1.0,2.0,0.0,0.0,0.0,1.0,1.0,0,True
SYNTHETIC-01119,validation,0.40231817050345364,1.0,6.0,1.0,0.0,0.0,0.0,1.0,0,True
SYNTHETIC-01120,held_out_test,1.0,1.0,7.0,0.0,0.0,0.0,0.0,1.0,1,True
SYNTHETIC-01121,train,0.5172963513539165,1.0,4.0,0.0,0.0,0.0,0.0,0.5,0,True
SYNTHETIC-01122,validation,0.12711708667113447,1.0,7.0,0.0,0.0,0.0,0.0,1.0,0,True
SYNTHETIC-01123,train,0.07449551092460516,1.0,4.0,0.0,0.0,0.0,0.0,0.5,0,True
SYNTHETIC-01124,held_out_test,0.7489938989441609,1.0,3.0,0.0,0.0,0.0,0.0,1.0,1,True
SYNTHETIC-01125,train,1.0,1.0,5.0,0.0,0.0,0.0,0.0,1.0,1,True
SYNTHETIC-01126,validation,0.23819409010532103,1.0,4.0,0.0,0.0,0.0,0.0,0.5,0,True
SYNTHETIC-01127,train,0.7601378741240549,1.0,6.0,0.0,0.0,0.0,0.0,1.0,1,True
SYNTHETIC-01128,train,0.8549711317670186,1.0,8.0,0.0,1.0,0.0,0.0,0.5,0,True
SYNTHETIC-01129,held_out_test,0.0,0.0,3.0,0.0,0.0,0.0,0.0,0.0,0,True
SYNTHETIC-01130,train,0.20676849761499244,0.0,4.0,0.0,0.0,0.0,0.0,1.0,0,True
SYNTHETIC-01131,train,0.4644510736956302,1.0,3.0,0.0,0.0,0.0,0.0,1.0,0,True
SYNTHETIC-01132,held_out_test,0.39099589688798225,1.0,5.0,0.0,0.0,0.0,0.0,1.0,0,True
SYNTHETIC-01133,validation,0.6025816982190201,1.0,5.0,0.0,0.0,0.0,0.0,1.0,1,True
SYNTHETIC-01134,train,0.1852642995277438,1.0,4.0,0.0,1.0,0.0,0.0,1.0,0,True
SYNTHETIC-01135,train,0.41375216145257276,0.0,1.0,1.0,0.0,0.0,0.0,0.5,0,True
SYNTHETIC-01136,validation,0.9721787092855051,1.0,8.0,0.0,0.0,0.0,0.0,1.0,1,True
SYNTHETIC-01137,train,0.958956630769716,0.0,6.0,0.0,0.0,0.0,0.0,1.0,0,True
SYNTHETIC-01138,train,0.30642062246197477,0.0,6.0,0.0,0.0,0.0,0.0,0.5,0,True
SYNTHETIC-01139,held_out_test,0.6877015452553573,1.0,7.0,0.0,0.0,0.0,0.0,1.0,1,True
SYNTHETIC-01140,train,0.4896007488528753,0.0,1.0,0.0,0.0,0.0,0.0,0.5,0,True
SYNTHETIC-01141,train,0.21421523002496717,1.0,8.0,0.0,0.0,0.0,0.0,1.0,0,True
SYNTHETIC-01142,train,0.36318773672044447,0.0,1.0,0.0,0.0,0.0,0.0,1.0,0,True
SYNTHETIC-01143,validation,0.2991291525731268,1.0,7.0,0.0,0.0,0.0,1.0,1.0,0,True
SYNTHETIC-01144,train,0.6458428263924396,0.0,8.0,0.0,0.0,0.0,0.0,1.0,0,True
SYNTHETIC-01145,held_out_test,0.4224767949009507,1.0,5.0,0.0,0.0,0.0,0.0,1.0,0,True
SYNTHETIC-01146,train,0.9885005876569452,1.0,6.0,0.0,0.0,0.0,0.0,1.0,1,True
SYNTHETIC-01147,held_out_test,0.3188785431085256,0.0,7.0,0.0,0.0,0.0,1.0,0.5,0,True
SYNTHETIC-01148,train,0.7771551764337471,1.0,5.0,0.0,0.0,0.0,0.0,1.0,1,True
SYNTHETIC-01149,validation,0.6517388079897416,1.0,4.0,0.0,1.0,0.0,0.0,1.0,0,True
SYNTHETIC-01150,held_out_test,0.8350743453033385,0.0,7.0,0.0,0.0,1.0,0.0,1.0,0,True
SYNTHETIC-01151,held_out_test,0.27098502439731925,1.0,7.0,0.0,0.0,0.0,1.0,1.0,0,True
SYNTHETIC-01152,train,0.3097704678540107,0.0,1.0,0.0,0.0,0.0,0.0,1.0,0,True
SYNTHETIC-01153,validation,0.9857388544409567,1.0,1.0,0.0,1.0,0.0,0.0,1.0,0,True
SYNTHETIC-01154,train,0.6172666336798948,1.0,6.0,0.0,0.0,0.0,0.0,0.5,0,True
SYNTHETIC-01155,train,0.4290835773185433,1.0,6.0,1.0,0.0,1.0,0.0,0.5,0,True
SYNTHETIC-01156,train,0.8030577997531921,1.0,7.0,0.0,0.0,0.0,0.0,0.5,0,True
SYNTHETIC-01157,validation,0.7627535980823846,1.0,1.0,0.0,0.0,0.0,0.0,1.0,1,True
SYNTHETIC-01158,validation,0.8586523274310865,1.0,2.0,0.0,0.0,0.0,0.0,1.0,1,True
SYNTHETIC-01159,train,0.9626925484966051,1.0,1.0,0.0,0.0,0.0,0.0,1.0,1,True
SYNTHETIC-01160,held_out_test,0.7606029172343656,1.0,3.0,0.0,1.0,0.0,0.0,1.0,0,True
SYNTHETIC-01161,train,0.17866982765322098,1.0,5.0,0.0,1.0,0.0,0.0,1.0,0,True
SYNTHETIC-01162,train,0.6879393196912308,1.0,3.0,0.0,0.0,0.0,0.0,0.5,0,True
SYNTHETIC-01163,held_out_test,0.17678086178503774,1.0,1.0,0.0,0.0,0.0,0.0,1.0,0,True
SYNTHETIC-01164,held_out_test,1.0,1.0,5.0,0.0,0.0,0.0,0.0,1.0,1,True
SYNTHETIC-01165,validation,0.6491132301300334,1.0,3.0,0.0,0.0,0.0,0.0,1.0,1,True
SYNTHETIC-01166,train,0.31757306276062325,0.0,3.0,0.0,0.0,0.0,0.0,0.5,0,True
SYNTHETIC-01167,train,0.8406719409964055,1.0,7.0,0.0,0.0,0.0,1.0,1.0,0,True
SYNTHETIC-01168,validation,0.874154059729008,1.0,3.0,0.0,0.0,0.0,0.0,0.5,0,True
SYNTHETIC-01169,train,0.0,0.0,5.0,0.0,0.0,0.0,0.0,1.0,0,True
SYNTHETIC-01170,held_out_test,0.8370663160957613,1.0,1.0,0.0,0.0,0.0,1.0,1.0,0,True
SYNTHETIC-01171,train,0.6906122957028344,1.0,6.0,0.0,0.0,0.0,0.0,0.5,0,True
SYNTHETIC-01172,held_out_test,0.670548290001493,1.0,5.0,0.0,0.0,0.0,1.0,1.0,0,True
SYNTHETIC-01173,held_out_test,0.24800700652673693,1.0,7.0,0.0,0.0,0.0,0.0,1.0,0,True
SYNTHETIC-01174,held_out_test,0.4327948452293545,1.0,3.0,0.0,0.0,0.0,0.0,1.0,0,True
SYNTHETIC-01175,train,0.1692405602610538,0.0,4.0,0.0,0.0,1.0,0.0,1.0,0,True
SYNTHETIC-01176,train,0.6501331728368692,0.0,4.0,0.0,0.0,0.0,0.0,1.0,0,True
SYNTHETIC-01177,validation,0.16302071455100772,0.0,8.0,1.0,0.0,0.0,1.0,0.5,0,True
SYNTHETIC-01178,held_out_test,0.9734329909583107,1.0,1.0,0.0,0.0,0.0,0.0,0.5,0,True
SYNTHETIC-01179,held_out_test,0.9821054314284713,1.0,2.0,0.0,0.0,0.0,0.0,1.0,1,True
SYNTHETIC-01180,held_out_test,0.9680634542423827,1.0,8.0,0.0,0.0,0.0,1.0,1.0,0,True
SYNTHETIC-01181,validation,0.4527531521368315,0.0,1.0,0.0,0.0,0.0,1.0,1.0,0,True
SYNTHETIC-01182,held_out_test,0.7785457503981733,1.0,3.0,0.0,0.0,0.0,0.0,1.0,1,True
SYNTHETIC-01183,validation,1.0,1.0,3.0,0.0,0.0,0.0,0.0,1.0,1,True
SYNTHETIC-01184,train,0.30176030565951895,0.0,7.0,0.0,0.0,0.0,0.0,1.0,0,True
SYNTHETIC-01185,held_out_test,0.5979599007598259,1.0,7.0,0.0,0.0,0.0,0.0,0.5,0,True
SYNTHETIC-01186,train,0.5633914935382647,0.0,7.0,0.0,0.0,0.0,0.0,1.0,0,True
SYNTHETIC-01187,held_out_test,0.3612452750571875,1.0,1.0,0.0,1.0,1.0,0.0,1.0,0,True
SYNTHETIC-01188,validation,0.4445465836883029,1.0,2.0,0.0,0.0,0.0,1.0,0.5,0,True
SYNTHETIC-01189,held_out_test,0.4090503039213078,0.0,4.0,0.0,0.0,0.0,0.0,1.0,0,True
SYNTHETIC-01190,held_out_test,0.20723566301837099,1.0,6.0,0.0,0.0,0.0,0.0,1.0,0,True
SYNTHETIC-01191,train,0.12654812484526407,0.0,5.0,0.0,0.0,0.0,0.0,1.0,0,True
SYNTHETIC-01192,train,0.4348669985695707,1.0,5.0,0.0,0.0,0.0,1.0,1.0,0,True
SYNTHETIC-01193,train,0.8185656946381853,0.0,7.0,0.0,0.0,0.0,0.0,1.0,0,True
SYNTHETIC-01194,train,0.4299360706942341,0.0,2.0,0.0,0.0,0.0,0.0,1.0,0,True
SYNTHETIC-01195,validation,1.0,1.0,7.0,0.0,0.0,0.0,0.0,1.0,1,True
SYNTHETIC-01196,held_out_test,0.9109055385831593,1.0,6.0,0.0,0.0,0.0,0.0,1.0,1,True
SYNTHETIC-01197,held_out_test,0.8357095776887877,1.0,2.0,0.0,0.0,0.0,0.0,1.0,1,True
SYNTHETIC-01198,held_out_test,0.0,1.0,4.0,0.0,0.0,0.0,0.0,1.0,0,True
SYNTHETIC-01199,validation,1.0,1.0,3.0,0.0,0.0,1.0,0.0,1.0,0,True
SYNTHETIC-01200,train,0.11226611207983882,0.0,3.0,0.0,0.0,0.0,0.0,1.0,0,True
SYNTHETIC-01201,train,0.5035182890882198,1.0,6.0,1.0,0.0,0.0,0.0,1.0,0,True
SYNTHETIC-01202,held_out_test,1.0,1.0,3.0,0.0,0.0,0.0,0.0,1.0,1,True
SYNTHETIC-01203,held_out_test,0.21044708304652204,1.0,7.0,0.0,1.0,0.0,0.0,1.0,0,True
SYNTHETIC-01204,held_out_test,0.03633066090196221,0.0,1.0,0.0,0.0,0.0,0.0,1.0,0,True
SYNTHETIC-01205,validation,0.4705503315294187,0.0,2.0,0.0,0.0,0.0,0.0,1.0,0,True
SYNTHETIC-01206,train,0.9076868152934973,1.0,8.0,0.0,0.0,0.0,0.0,1.0,1,True
SYNTHETIC-01207,held_out_test,0.9562361785487963,1.0,6.0,0.0,0.0,0.0,0.0,0.5,0,True
SYNTHETIC-01208,train,0.41658020699379344,1.0,4.0,0.0,0.0,1.0,0.0,1.0,0,True
SYNTHETIC-01209,train,0.5824205064729329,0.0,2.0,0.0,0.0,0.0,0.0,1.0,0,True
SYNTHETIC-01210,train,0.6923504333046271,0.0,3.0,0.0,0.0,0.0,0.0,1.0,0,True
SYNTHETIC-01211,train,0.34739520994926787,0.0,2.0,0.0,0.0,1.0,0.0,1.0,0,True
SYNTHETIC-01212,validation,0.7826096255660452,1.0,8.0,0.0,0.0,0.0,0.0,1.0,1,True
SYNTHETIC-01213,validation,0.596900671677228,1.0,3.0,0.0,0.0,0.0,0.0,1.0,1,True
SYNTHETIC-01214,validation,0.3096239916964166,1.0,8.0,0.0,0.0,0.0,1.0,1.0,0,True
SYNTHETIC-01215,train,0.7819304533567327,1.0,7.0,0.0,0.0,0.0,0.0,0.5,0,True
SYNTHETIC-01216,validation,0.6380561212476678,1.0,3.0,0.0,0.0,0.0,0.0,1.0,1,True
SYNTHETIC-01217,held_out_test,0.7048272287744485,1.0,6.0,0.0,0.0,0.0,0.0,1.0,1,True
SYNTHETIC-01218,train,0.0,1.0,4.0,0.0,0.0,1.0,1.0,1.0,0,True
SYNTHETIC-01219,train,0.3523478534542396,0.0,4.0,0.0,0.0,0.0,0.0,1.0,0,True
SYNTHETIC-01220,train,0.47827971163014127,1.0,7.0,0.0,0.0,0.0,0.0,1.0,1,True
SYNTHETIC-01221,validation,0.7535970723872791,1.0,6.0,0.0,0.0,0.0,0.0,1.0,1,True
SYNTHETIC-01222,train,0.2508711312891821,1.0,2.0,0.0,0.0,0.0,1.0,1.0,0,True
SYNTHETIC-01223,held_out_test,0.6190930913594801,1.0,4.0,0.0,0.0,0.0,0.0,1.0,1,True
SYNTHETIC-01224,train,0.5554392435605239,1.0,8.0,0.0,0.0,0.0,0.0,1.0,0,True
SYNTHETIC-01225,held_out_test,0.9849239932022902,1.0,2.0,0.0,1.0,0.0,0.0,1.0,0,True
SYNTHETIC-01226,train,0.38771460262068985,0.0,6.0,0.0,0.0,1.0,0.0,1.0,0,True
SYNTHETIC-01227,train,0.3388284030891077,0.0,7.0,1.0,0.0,0.0,0.0,1.0,0,True
SYNTHETIC-01228,validation,0.5044032309456675,1.0,5.0,0.0,0.0,0.0,0.0,1.0,0,True
SYNTHETIC-01229,validation,0.5137801275782751,0.0,1.0,0.0,0.0,0.0,0.0,0.5,0,True
SYNTHETIC-01230,validation,0.23971233186073224,0.0,7.0,0.0,0.0,0.0,0.0,1.0,0,True
SYNTHETIC-01231,train,0.86350049559338,1.0,8.0,0.0,0.0,0.0,0.0,0.5,0,True
SYNTHETIC-01232,train,0.24942374253840383,0.0,6.0,0.0,0.0,1.0,0.0,1.0,0,True
SYNTHETIC-01233,validation,0.9110118979303597,1.0,7.0,0.0,0.0,0.0,0.0,1.0,1,True
SYNTHETIC-01234,train,0.09032855677723284,0.0,1.0,0.0,0.0,0.0,0.0,1.0,0,True
SYNTHETIC-01235,train,0.7954188290994909,1.0,6.0,0.0,0.0,0.0,1.0,1.0,0,True
SYNTHETIC-01236,train,0.0,1.0,7.0,0.0,0.0,0.0,0.0,1.0,0,True
SYNTHETIC-01237,validation,0.6249249426161181,0.0,5.0,0.0,0.0,1.0,0.0,1.0,0,True
SYNTHETIC-01238,held_out_test,0.3881897655388562,1.0,5.0,0.0,0.0,1.0,0.0,1.0,0,True
SYNTHETIC-01239,train,0.6467061769207201,1.0,7.0,0.0,0.0,0.0,0.0,1.0,1,True
SYNTHETIC-01240,train,0.8099026074326144,1.0,6.0,0.0,0.0,0.0,0.0,1.0,1,True
SYNTHETIC-01241,train,0.8663687374732122,1.0,1.0,0.0,0.0,0.0,0.0,1.0,1,True
SYNTHETIC-01242,train,0.1403488578481911,0.0,2.0,0.0,1.0,0.0,0.0,1.0,0,True
SYNTHETIC-01243,train,0.9791088035203618,1.0,5.0,0.0,0.0,0.0,0.0,0.5,0,True
SYNTHETIC-01244,train,0.9497822815235981,1.0,5.0,0.0,0.0,0.0,0.0,1.0,1,True
SYNTHETIC-01245,train,0.5178255807961342,1.0,3.0,0.0,0.0,1.0,0.0,1.0,0,True
SYNTHETIC-01246,validation,0.5154133336112998,0.0,2.0,0.0,0.0,0.0,0.0,1.0,0,True
SYNTHETIC-01247,train,0.49178527361216867,0.0,6.0,1.0,0.0,0.0,0.0,1.0,0,True
SYNTHETIC-01248,train,0.0,0.0,3.0,0.0,0.0,1.0,0.0,0.5,0,True
SYNTHETIC-01249,held_out_test,0.25712878663393757,1.0,6.0,1.0,0.0,0.0,0.0,1.0,0,True
SYNTHETIC-01250,held_out_test,0.26921764150857175,1.0,6.0,0.0,0.0,0.0,0.0,1.0,0,True
SYNTHETIC-01251,train,1.0,0.0,2.0,0.0,0.0,0.0,0.0,1.0,1,True
SYNTHETIC-01252,train,0.8721839128468709,1.0,7.0,0.0,0.0,0.0,0.0,1.0,1,True
SYNTHETIC-01253,held_out_test,0.2012878267957595,1.0,2.0,0.0,0.0,0.0,0.0,1.0,0,True
SYNTHETIC-01254,train,0.3227433849640222,0.0,4.0,0.0,0.0,0.0,1.0,1.0,0,True
SYNTHETIC-01255,train,0.07410747626782527,0.0,5.0,1.0,0.0,1.0,0.0,1.0,0,True
SYNTHETIC-01256,train,1.0,1.0,8.0,1.0,0.0,0.0,0.0,1.0,0,True
SYNTHETIC-01257,validation,0.9155334095397217,1.0,8.0,0.0,0.0,0.0,0.0,0.5,0,True
SYNTHETIC-01258,validation,0.4236919408214434,0.0,6.0,1.0,0.0,0.0,0.0,1.0,0,True
SYNTHETIC-01259,held_out_test,0.23484791828177265,1.0,6.0,1.0,0.0,0.0,0.0,1.0,0,True
SYNTHETIC-01260,train,0.526092064589484,0.0,5.0,0.0,0.0,0.0,0.0,1.0,0,True
SYNTHETIC-01261,train,0.9439005868267073,1.0,4.0,0.0,0.0,0.0,1.0,1.0,0,True
SYNTHETIC-01262,train,0.15637682028196934,1.0,5.0,0.0,0.0,0.0,0.0,1.0,0,True
SYNTHETIC-01263,train,0.47693732421619794,1.0,8.0,0.0,1.0,0.0,0.0,1.0,0,True
SYNTHETIC-01264,held_out_test,0.5967355510955514,1.0,6.0,0.0,0.0,0.0,0.0,1.0,1,True
SYNTHETIC-01265,train,0.0,1.0,7.0,0.0,0.0,0.0,0.0,1.0,0,True
SYNTHETIC-01266,held_out_test,1.0,1.0,5.0,0.0,0.0,0.0,0.0,1.0,1,True
SYNTHETIC-01267,train,1.0,1.0,6.0,0.0,0.0,0.0,0.0,1.0,1,True
SYNTHETIC-01268,train,0.5536813998255936,1.0,7.0,0.0,0.0,0.0,0.0,1.0,0,True
SYNTHETIC-01269,train,0.8500390343098728,0.0,4.0,0.0,0.0,0.0,0.0,1.0,0,True
SYNTHETIC-01270,train,0.5944696538980401,1.0,6.0,0.0,1.0,0.0,0.0,1.0,0,True
SYNTHETIC-01271,train,0.507637204804632,1.0,4.0,0.0,0.0,0.0,0.0,0.0,0,True
SYNTHETIC-01272,held_out_test,0.6801905107141384,1.0,5.0,0.0,0.0,0.0,0.0,1.0,1,True
SYNTHETIC-01273,held_out_test,0.031375207702592,0.0,3.0,0.0,0.0,0.0,0.0,1.0,0,True
SYNTHETIC-01274,train,0.0,1.0,7.0,0.0,0.0,0.0,0.0,0.5,0,True
SYNTHETIC-01275,validation,0.4015593648443889,0.0,7.0,0.0,0.0,0.0,0.0,1.0,0,True
SYNTHETIC-01276,train,0.714597028236626,1.0,8.0,0.0,0.0,0.0,0.0,0.5,0,True
SYNTHETIC-01277,train,0.21368291552662952,1.0,3.0,0.0,0.0,0.0,0.0,0.0,0,True
SYNTHETIC-01278,train,0.8721634167243747,1.0,8.0,0.0,1.0,0.0,0.0,1.0,0,True
SYNTHETIC-01279,validation,0.39205300818622474,1.0,6.0,0.0,1.0,0.0,0.0,0.0,0,True
SYNTHETIC-01280,train,0.2747222446664799,1.0,3.0,0.0,0.0,0.0,0.0,1.0,0,True
SYNTHETIC-01281,validation,0.9671110496210122,0.0,7.0,0.0,0.0,0.0,1.0,1.0,0,True
SYNTHETIC-01282,held_out_test,0.239927944166146,1.0,5.0,0.0,0.0,0.0,1.0,0.5,0,True
SYNTHETIC-01283,validation,0.0,0.0,5.0,0.0,1.0,0.0,0.0,0.5,0,True
SYNTHETIC-01284,held_out_test,0.8148623682778324,0.0,7.0,0.0,0.0,0.0,0.0,1.0,0,True
SYNTHETIC-01285,held_out_test,0.42945328620367745,1.0,2.0,0.0,0.0,0.0,0.0,1.0,0,True
SYNTHETIC-01286,train,0.8942317138935818,1.0,4.0,0.0,0.0,0.0,0.0,1.0,1,True
SYNTHETIC-01287,held_out_test,0.5785589423853486,1.0,1.0,0.0,0.0,0.0,0.0,0.5,0,True
SYNTHETIC-01288,validation,0.593068758003361,0.0,4.0,0.0,0.0,0.0,0.0,1.0,0,True
SYNTHETIC-01289,held_out_test,0.4700941790329085,1.0,6.0,0.0,0.0,0.0,1.0,1.0,0,True
SYNTHETIC-01290,validation,0.5388014572405114,1.0,8.0,1.0,0.0,0.0,1.0,1.0,0,True
SYNTHETIC-01291,train,0.012608252824581036,0.0,2.0,0.0,0.0,0.0,0.0,1.0,0,True
SYNTHETIC-01292,train,1.0,1.0,8.0,0.0,0.0,0.0,0.0,0.5,0,True
SYNTHETIC-01293,train,0.7474487569527661,0.0,1.0,0.0,0.0,0.0,0.0,1.0,0,True
SYNTHETIC-01294,train,0.5046661500514034,1.0,1.0,0.0,1.0,0.0,0.0,1.0,0,True
SYNTHETIC-01295,train,0.055823657871185414,1.0,3.0,0.0,0.0,0.0,0.0,1.0,0,True
SYNTHETIC-01296,train,0.6119916590373943,1.0,3.0,0.0,0.0,0.0,0.0,1.0,1,True
SYNTHETIC-01297,train,0.7689841080012598,0.0,5.0,0.0,0.0,0.0,0.0,1.0,1,True
SYNTHETIC-01298,held_out_test,0.8448933102543164,1.0,2.0,0.0,0.0,0.0,0.0,1.0,0,True
SYNTHETIC-01299,train,0.38772869351005873,0.0,5.0,0.0,0.0,0.0,1.0,1.0,0,True
SYNTHETIC-01300,held_out_test,0.1874232035123125,0.0,8.0,0.0,0.0,0.0,0.0,0.5,0,True
SYNTHETIC-01301,held_out_test,0.5841080761963477,1.0,2.0,0.0,0.0,0.0,0.0,1.0,1,True
SYNTHETIC-01302,held_out_test,0.1261048021851155,1.0,4.0,0.0,0.0,0.0,0.0,1.0,0,True
SYNTHETIC-01303,train,0.7169530866217974,1.0,5.0,0.0,0.0,0.0,0.0,1.0,1,True
SYNTHETIC-01304,validation,0.0,0.0,4.0,0.0,0.0,0.0,0.0,0.5,0,True
SYNTHETIC-01305,held_out_test,1.0,1.0,4.0,0.0,0.0,0.0,0.0,1.0,1,True
SYNTHETIC-01306,held_out_test,0.23158538444568602,0.0,1.0,0.0,0.0,0.0,0.0,1.0,0,True
SYNTHETIC-01307,train,1.0,1.0,4.0,0.0,0.0,0.0,0.0,0.5,0,True
SYNTHETIC-01308,train,0.20165971317300158,1.0,8.0,0.0,0.0,0.0,0.0,0.5,0,True
SYNTHETIC-01309,held_out_test,0.10414193858712183,0.0,7.0,1.0,0.0,0.0,0.0,1.0,0,True
SYNTHETIC-01310,validation,0.7454935654921827,1.0,7.0,0.0,0.0,0.0,0.0,1.0,1,True
SYNTHETIC-01311,held_out_test,1.0,1.0,1.0,0.0,0.0,0.0,0.0,1.0,1,True
SYNTHETIC-01312,train,0.6798366053971509,1.0,2.0,0.0,0.0,0.0,0.0,1.0,1,True
SYNTHETIC-01313,train,0.9414548822468116,1.0,5.0,0.0,0.0,0.0,0.0,1.0,1,True
SYNTHETIC-01314,train,0.5219381346807135,1.0,3.0,0.0,0.0,0.0,0.0,1.0,0,True
SYNTHETIC-01315,validation,0.11820970919837452,0.0,2.0,0.0,0.0,0.0,0.0,1.0,0,True
SYNTHETIC-01316,train,0.1709317893713763,0.0,2.0,0.0,0.0,0.0,0.0,1.0,0,True
SYNTHETIC-01317,train,0.0,1.0,2.0,0.0,0.0,0.0,0.0,0.5,0,True
SYNTHETIC-01318,validation,0.2299478131207602,0.0,1.0,0.0,0.0,0.0,0.0,1.0,0,True
SYNTHETIC-01319,validation,0.6292218755304656,0.0,5.0,0.0,0.0,0.0,0.0,0.5,0,True
SYNTHETIC-01320,train,1.0,1.0,4.0,0.0,0.0,0.0,0.0,1.0,1,True
SYNTHETIC-01321,train,0.859119993179439,0.0,6.0,0.0,0.0,0.0,0.0,1.0,0,True
SYNTHETIC-01322,train,0.8029478420193121,0.0,2.0,0.0,0.0,0.0,0.0,1.0,0,True
SYNTHETIC-01323,train,0.8847943154258848,0.0,5.0,0.0,0.0,0.0,0.0,1.0,0,True
SYNTHETIC-01324,train,0.4978188742785026,0.0,2.0,0.0,0.0,0.0,0.0,1.0,0,True
SYNTHETIC-01325,validation,0.9636453432721716,1.0,8.0,0.0,0.0,0.0,0.0,1.0,1,True
SYNTHETIC-01326,validation,0.9305126104031485,1.0,2.0,0.0,0.0,0.0,0.0,1.0,1,True
SYNTHETIC-01327,train,0.5405093115743916,0.0,7.0,0.0,0.0,0.0,1.0,1.0,0,True
SYNTHETIC-01328,train,0.0,0.0,6.0,0.0,0.0,0.0,0.0,1.0,0,True
SYNTHETIC-01329,train,0.7416667956629212,1.0,2.0,0.0,0.0,0.0,0.0,1.0,1,True
SYNTHETIC-01330,train,0.7826548349174941,1.0,1.0,0.0,0.0,0.0,0.0,1.0,1,True
SYNTHETIC-01331,train,0.7791699664649989,1.0,6.0,0.0,0.0,0.0,0.0,1.0,0,True
SYNTHETIC-01332,train,1.0,1.0,1.0,0.0,0.0,0.0,0.0,1.0,1,True
SYNTHETIC-01333,train,0.3263172574592884,1.0,5.0,0.0,0.0,0.0,0.0,1.0,0,True
SYNTHETIC-01334,validation,0.6149943920418148,1.0,6.0,0.0,0.0,0.0,0.0,1.0,1,True
SYNTHETIC-01335,train,0.10186154355010094,0.0,6.0,0.0,0.0,0.0,0.0,0.5,0,True
SYNTHETIC-01336,held_out_test,0.4659227247987275,1.0,8.0,0.0,0.0,1.0,0.0,1.0,0,True
SYNTHETIC-01337,train,1.0,1.0,4.0,0.0,0.0,0.0,0.0,1.0,1,True
SYNTHETIC-01338,train,0.5994791780604573,1.0,5.0,0.0,0.0,0.0,0.0,1.0,1,True
SYNTHETIC-01339,train,0.741527259078256,1.0,8.0,0.0,0.0,0.0,0.0,1.0,1,True
SYNTHETIC-01340,held_out_test,0.22800199813859084,0.0,7.0,0.0,0.0,0.0,1.0,1.0,0,True
SYNTHETIC-01341,train,0.0,0.0,4.0,0.0,0.0,0.0,0.0,1.0,0,True
SYNTHETIC-01342,train,0.6031086208202816,1.0,4.0,0.0,0.0,0.0,0.0,1.0,1,True
SYNTHETIC-01343,train,0.7863366245701017,1.0,7.0,0.0,1.0,0.0,0.0,0.5,0,True
SYNTHETIC-01344,held_out_test,1.0,1.0,5.0,0.0,0.0,0.0,0.0,1.0,1,True
SYNTHETIC-01345,train,0.8895652735613713,1.0,4.0,0.0,0.0,0.0,0.0,1.0,1,True
SYNTHETIC-01346,held_out_test,0.3599421038945044,1.0,7.0,0.0,0.0,0.0,0.0,0.5,0,True
SYNTHETIC-01347,held_out_test,0.5426177601204831,0.0,7.0,0.0,0.0,0.0,1.0,1.0,0,True
SYNTHETIC-01348,validation,0.44560215427707695,1.0,4.0,0.0,0.0,0.0,0.0,1.0,1,True
SYNTHETIC-01349,validation,0.734597462514596,1.0,4.0,0.0,0.0,0.0,0.0,1.0,1,True
SYNTHETIC-01350,train,0.6832156276124749,1.0,6.0,0.0,0.0,0.0,0.0,1.0,1,True
SYNTHETIC-01351,train,0.7185949403719155,1.0,1.0,0.0,0.0,0.0,0.0,0.5,0,True
SYNTHETIC-01352,train,0.0,1.0,7.0,0.0,1.0,0.0,1.0,1.0,0,True
SYNTHETIC-01353,train,0.48666563347875613,1.0,4.0,0.0,0.0,0.0,0.0,1.0,0,True
SYNTHETIC-01354,train,0.595632347038945,0.0,7.0,0.0,0.0,0.0,0.0,1.0,0,True
SYNTHETIC-01355,train,0.6967907522827703,1.0,5.0,1.0,0.0,0.0,0.0,1.0,0,True
SYNTHETIC-01356,validation,0.40364333357533566,1.0,4.0,0.0,0.0,0.0,0.0,1.0,0,True
SYNTHETIC-01357,held_out_test,0.2835730930667796,1.0,1.0,0.0,0.0,0.0,0.0,1.0,0,True
SYNTHETIC-01358,train,0.7728069406906451,1.0,1.0,0.0,0.0,1.0,0.0,1.0,0,True
SYNTHETIC-01359,train,0.7435096827488092,0.0,6.0,0.0,0.0,0.0,0.0,1.0,0,True
SYNTHETIC-01360,train,0.0423871360904458,0.0,2.0,0.0,0.0,0.0,0.0,0.5,0,True
SYNTHETIC-01361,train,0.12981609911301112,0.0,7.0,0.0,0.0,0.0,0.0,0.5,0,True
SYNTHETIC-01362,held_out_test,0.25572346417178005,0.0,4.0,0.0,1.0,0.0,0.0,0.5,0,True
SYNTHETIC-01363,train,0.8024388556317655,1.0,7.0,0.0,0.0,0.0,0.0,1.0,1,True
SYNTHETIC-01364,train,0.7817743086083797,0.0,4.0,0.0,0.0,0.0,0.0,1.0,0,True
SYNTHETIC-01365,train,0.8086419155463308,1.0,4.0,0.0,0.0,0.0,0.0,0.5,0,True
SYNTHETIC-01366,validation,0.06761247607037929,1.0,2.0,0.0,0.0,0.0,0.0,1.0,0,True
SYNTHETIC-01367,held_out_test,0.009423867470201186,1.0,4.0,0.0,0.0,0.0,0.0,1.0,0,True
SYNTHETIC-01368,held_out_test,0.9684153597045472,1.0,7.0,0.0,0.0,0.0,0.0,1.0,1,True
SYNTHETIC-01369,train,0.06144036431378075,1.0,7.0,0.0,0.0,0.0,0.0,0.0,0,True
SYNTHETIC-01370,validation,0.6223404538520747,1.0,4.0,0.0,0.0,0.0,0.0,0.5,0,True
SYNTHETIC-01371,train,0.49862571095388414,1.0,8.0,0.0,0.0,0.0,0.0,1.0,1,True
SYNTHETIC-01372,validation,0.0,0.0,1.0,0.0,0.0,0.0,0.0,1.0,0,True
SYNTHETIC-01373,validation,0.5530834000116238,1.0,1.0,0.0,0.0,0.0,1.0,0.5,0,True
SYNTHETIC-01374,held_out_test,0.18316261555613353,1.0,1.0,0.0,1.0,0.0,0.0,1.0,0,True
SYNTHETIC-01375,train,0.3362644557874137,0.0,1.0,0.0,0.0,0.0,0.0,1.0,0,True
SYNTHETIC-01376,held_out_test,1.0,0.0,1.0,0.0,0.0,0.0,0.0,1.0,0,True
SYNTHETIC-01377,validation,0.7285747799098826,0.0,1.0,0.0,0.0,0.0,0.0,1.0,0,True
SYNTHETIC-01378,validation,0.37487095898247047,1.0,7.0,0.0,0.0,0.0,0.0,0.5,0,True
SYNTHETIC-01379,train,0.0,0.0,4.0,0.0,0.0,0.0,0.0,1.0,0,True
SYNTHETIC-01380,train,0.5966481870148003,0.0,7.0,0.0,0.0,0.0,0.0,1.0,0,True
SYNTHETIC-01381,validation,0.4405594019419843,1.0,7.0,0.0,0.0,0.0,0.0,1.0,0,True
SYNTHETIC-01382,validation,0.7000209254018712,1.0,6.0,0.0,0.0,0.0,0.0,1.0,1,True
SYNTHETIC-01383,validation,0.8160205924747421,0.0,1.0,0.0,0.0,0.0,0.0,0.5,0,True
SYNTHETIC-01384,train,0.6159877716821839,1.0,1.0,0.0,0.0,0.0,1.0,1.0,0,True
SYNTHETIC-01385,train,0.6887357849635465,0.0,6.0,0.0,0.0,0.0,0.0,1.0,0,True
SYNTHETIC-01386,validation,0.9723873687762117,0.0,8.0,0.0,0.0,0.0,0.0,1.0,0,True
SYNTHETIC-01387,train,0.23984834566561028,0.0,2.0,0.0,0.0,0.0,1.0,1.0,0,True
SYNTHETIC-01388,train,0.8259593254229088,0.0,6.0,0.0,0.0,0.0,0.0,0.5,0,True
SYNTHETIC-01389,validation,0.678802800580585,1.0,1.0,0.0,0.0,0.0,0.0,1.0,0,True
SYNTHETIC-01390,validation,0.3262080615683901,0.0,2.0,0.0,0.0,0.0,1.0,1.0,0,True
SYNTHETIC-01391,train,0.0,1.0,5.0,0.0,0.0,0.0,0.0,0.5,0,True
SYNTHETIC-01392,train,0.3786823290529351,1.0,6.0,0.0,0.0,0.0,0.0,1.0,0,True
SYNTHETIC-01393,validation,0.979213041179491,1.0,5.0,0.0,0.0,0.0,0.0,1.0,1,True
SYNTHETIC-01394,validation,0.0958233022506087,0.0,4.0,1.0,0.0,0.0,1.0,1.0,0,True
SYNTHETIC-01395,train,0.6642745361325969,0.0,3.0,0.0,0.0,0.0,0.0,0.0,0,True
SYNTHETIC-01396,train,0.14827691403574172,0.0,7.0,0.0,0.0,1.0,0.0,1.0,0,True
SYNTHETIC-01397,validation,0.5896610485879578,0.0,3.0,0.0,0.0,0.0,0.0,1.0,0,True
SYNTHETIC-01398,validation,0.4085885098586068,1.0,6.0,0.0,0.0,1.0,0.0,1.0,0,True
SYNTHETIC-01399,train,0.7943225017332974,1.0,3.0,1.0,0.0,0.0,0.0,1.0,0,True
SYNTHETIC-01400,train,0.04218140163753176,0.0,5.0,0.0,0.0,0.0,0.0,1.0,0,True
SYNTHETIC-01401,validation,0.5016599968537518,1.0,8.0,0.0,0.0,0.0,0.0,1.0,0,True
SYNTHETIC-01402,train,0.0,0.0,4.0,0.0,0.0,0.0,0.0,1.0,0,True
SYNTHETIC-01403,held_out_test,0.7997809728433829,1.0,7.0,0.0,1.0,0.0,0.0,1.0,0,True
SYNTHETIC-01404,held_out_test,0.8800069033301139,0.0,1.0,0.0,0.0,0.0,1.0,1.0,0,True
SYNTHETIC-01405,train,0.7996036699100582,1.0,5.0,0.0,0.0,0.0,0.0,1.0,1,True
SYNTHETIC-01406,validation,0.766189611710699,1.0,5.0,0.0,0.0,0.0,0.0,1.0,1,True
SYNTHETIC-01407,train,0.0,1.0,8.0,0.0,0.0,0.0,0.0,0.5,0,True
SYNTHETIC-01408,train,0.4684349246698083,0.0,3.0,0.0,0.0,1.0,0.0,1.0,0,True
SYNTHETIC-01409,validation,0.32183615818014283,0.0,5.0,0.0,0.0,0.0,0.0,0.5,0,True
SYNTHETIC-01410,train,0.3774815721220047,1.0,5.0,0.0,0.0,0.0,0.0,0.5,0,True
SYNTHETIC-01411,train,0.16854764752672807,0.0,1.0,0.0,0.0,0.0,0.0,0.5,0,True
SYNTHETIC-01412,validation,0.6710657657157578,0.0,8.0,1.0,0.0,0.0,0.0,1.0,0,True
SYNTHETIC-01413,train,0.38232419810914026,0.0,4.0,0.0,0.0,0.0,1.0,1.0,0,True
SYNTHETIC-01414,train,0.3719095575566441,0.0,4.0,0.0,0.0,1.0,0.0,1.0,0,True
SYNTHETIC-01415,train,0.3427597629042021,1.0,8.0,0.0,0.0,0.0,0.0,1.0,0,True
SYNTHETIC-01416,train,1.0,1.0,1.0,0.0,0.0,1.0,0.0,1.0,0,True
SYNTHETIC-01417,train,0.6335764706607997,1.0,6.0,0.0,0.0,0.0,0.0,1.0,1,True
SYNTHETIC-01418,validation,0.7289351805302324,1.0,1.0,0.0,0.0,0.0,1.0,1.0,0,True
SYNTHETIC-01419,train,0.7645300985215058,1.0,8.0,0.0,0.0,0.0,0.0,1.0,1,True
SYNTHETIC-01420,held_out_test,1.0,1.0,7.0,0.0,0.0,0.0,0.0,1.0,1,True
SYNTHETIC-01421,train,0.3445315428789052,1.0,5.0,0.0,0.0,1.0,0.0,0.5,0,True
SYNTHETIC-01422,train,1.0,1.0,4.0,0.0,0.0,0.0,0.0,1.0,0,True
SYNTHETIC-01423,train,0.648384132794048,1.0,8.0,0.0,0.0,0.0,0.0,1.0,1,True
SYNTHETIC-01424,train,0.9325228216983138,1.0,2.0,0.0,0.0,0.0,0.0,1.0,1,True
SYNTHETIC-01425,held_out_test,0.8139134876360714,0.0,7.0,0.0,0.0,0.0,0.0,1.0,0,True
SYNTHETIC-01426,held_out_test,1.0,1.0,4.0,0.0,0.0,0.0,0.0,0.5,0,True
SYNTHETIC-01427,train,0.0,0.0,7.0,0.0,0.0,0.0,0.0,1.0,0,True
SYNTHETIC-01428,held_out_test,0.8757741682782152,1.0,6.0,1.0,1.0,0.0,0.0,1.0,0,True
SYNTHETIC-01429,train,0.8267606108037328,0.0,8.0,0.0,0.0,0.0,0.0,1.0,0,True
SYNTHETIC-01430,validation,0.3862323693475503,0.0,5.0,0.0,0.0,1.0,0.0,1.0,0,True
SYNTHETIC-01431,held_out_test,0.009443554966998684,0.0,3.0,1.0,0.0,0.0,0.0,0.5,0,True
SYNTHETIC-01432,validation,0.4636473162593202,0.0,8.0,0.0,0.0,1.0,0.0,0.5,0,True
SYNTHETIC-01433,train,1.0,0.0,6.0,0.0,1.0,0.0,0.0,1.0,0,True
SYNTHETIC-01434,train,0.45489517624047565,0.0,6.0,0.0,0.0,0.0,0.0,1.0,0,True
SYNTHETIC-01435,held_out_test,0.2729524239930472,0.0,3.0,0.0,0.0,0.0,0.0,1.0,0,True
SYNTHETIC-01436,validation,0.8174174147596885,1.0,5.0,0.0,0.0,0.0,0.0,1.0,1,True
SYNTHETIC-01437,train,1.0,1.0,7.0,0.0,0.0,0.0,0.0,1.0,1,True
SYNTHETIC-01438,validation,0.06806058649632132,1.0,3.0,0.0,0.0,0.0,0.0,1.0,0,True
SYNTHETIC-01439,held_out_test,0.443633837417865,1.0,5.0,0.0,0.0,0.0,0.0,1.0,1,True
SYNTHETIC-01440,held_out_test,0.013772945668733156,0.0,2.0,0.0,0.0,0.0,0.0,0.5,0,True
SYNTHETIC-01441,validation,0.6594127966371272,1.0,2.0,0.0,1.0,0.0,0.0,1.0,0,True
SYNTHETIC-01442,train,0.3682845958639248,1.0,7.0,1.0,0.0,0.0,0.0,1.0,0,True
SYNTHETIC-01443,train,0.3996907934932816,0.0,4.0,0.0,0.0,0.0,0.0,1.0,0,True
SYNTHETIC-01444,train,0.18375592172255256,0.0,2.0,0.0,0.0,0.0,0.0,0.5,0,True
SYNTHETIC-01445,validation,0.866974236965899,1.0,2.0,0.0,0.0,0.0,0.0,1.0,1,True
SYNTHETIC-01446,held_out_test,0.4385861987188475,1.0,1.0,0.0,0.0,0.0,0.0,1.0,0,True
SYNTHETIC-01447,validation,0.4372600330619696,1.0,4.0,0.0,0.0,0.0,0.0,1.0,1,True
SYNTHETIC-01448,train,0.5027948482599833,1.0,3.0,0.0,0.0,0.0,0.0,1.0,1,True
SYNTHETIC-01449,held_out_test,0.5273889295166708,1.0,1.0,0.0,0.0,0.0,0.0,1.0,0,True
SYNTHETIC-01450,train,0.2665050622341849,1.0,4.0,0.0,0.0,0.0,0.0,1.0,0,True
SYNTHETIC-01451,train,0.4337181608813688,1.0,8.0,0.0,0.0,0.0,0.0,1.0,0,True
SYNTHETIC-01452,train,0.3441347786180566,1.0,8.0,0.0,0.0,0.0,1.0,1.0,0,True
SYNTHETIC-01453,train,1.0,1.0,5.0,0.0,0.0,0.0,0.0,1.0,1,True
SYNTHETIC-01454,held_out_test,0.7047794084510057,1.0,5.0,0.0,0.0,0.0,0.0,1.0,1,True
SYNTHETIC-01455,held_out_test,0.38446748305526185,0.0,8.0,0.0,0.0,0.0,0.0,1.0,0,True
SYNTHETIC-01456,validation,0.6516921660591337,1.0,7.0,0.0,0.0,1.0,0.0,1.0,0,True
SYNTHETIC-01457,train,0.4707559278798484,1.0,2.0,0.0,0.0,0.0,0.0,1.0,0,True
SYNTHETIC-01458,train,0.5239129930946861,1.0,5.0,1.0,0.0,0.0,0.0,0.5,0,True
SYNTHETIC-01459,train,0.49146188738962604,1.0,4.0,1.0,0.0,0.0,0.0,1.0,0,True
SYNTHETIC-01460,validation,0.40283736801893966,0.0,2.0,0.0,0.0,0.0,0.0,1.0,0,True
SYNTHETIC-01461,train,0.7833531531288616,0.0,8.0,0.0,0.0,0.0,0.0,1.0,0,True
SYNTHETIC-01462,validation,0.9159455973660797,1.0,5.0,0.0,0.0,0.0,0.0,1.0,1,True
SYNTHETIC-01463,train,1.0,1.0,6.0,0.0,0.0,0.0,0.0,1.0,1,True
SYNTHETIC-01464,held_out_test,0.5325883993940688,1.0,7.0,0.0,1.0,0.0,0.0,1.0,0,True
SYNTHETIC-01465,train,0.5769969228311915,0.0,1.0,0.0,0.0,0.0,0.0,1.0,0,True
SYNTHETIC-01466,train,0.11576649039623178,1.0,3.0,0.0,0.0,0.0,0.0,1.0,0,True
SYNTHETIC-01467,train,0.24387654324519764,0.0,8.0,0.0,0.0,0.0,0.0,1.0,0,True
SYNTHETIC-01468,held_out_test,0.28934987230431336,0.0,2.0,0.0,0.0,0.0,0.0,1.0,0,True
SYNTHETIC-01469,validation,0.334187824842159,1.0,2.0,0.0,0.0,0.0,0.0,1.0,0,True
SYNTHETIC-01470,train,0.4391587015747007,1.0,5.0,0.0,0.0,1.0,0.0,1.0,0,True
SYNTHETIC-01471,train,0.7635489752569954,1.0,3.0,0.0,0.0,0.0,0.0,1.0,1,True
SYNTHETIC-01472,held_out_test,0.2762638190315615,1.0,7.0,1.0,0.0,0.0,0.0,1.0,0,True
SYNTHETIC-01473,train,0.0,1.0,6.0,0.0,0.0,0.0,0.0,1.0,0,True
SYNTHETIC-01474,held_out_test,0.7335068300728673,1.0,7.0,0.0,1.0,0.0,0.0,1.0,0,True
SYNTHETIC-01475,validation,1.0,1.0,6.0,0.0,0.0,0.0,0.0,0.5,0,True
SYNTHETIC-01476,train,0.9838161213898619,1.0,2.0,0.0,0.0,0.0,0.0,1.0,1,True
SYNTHETIC-01477,validation,0.6150441589291844,1.0,6.0,0.0,0.0,0.0,0.0,1.0,0,True
SYNTHETIC-01478,train,0.19142143018981764,1.0,2.0,0.0,0.0,0.0,0.0,0.5,0,True
SYNTHETIC-01479,train,0.23571870756756785,1.0,1.0,0.0,0.0,0.0,0.0,0.5,0,True
SYNTHETIC-01480,train,1.0,1.0,8.0,0.0,0.0,0.0,1.0,1.0,0,True
SYNTHETIC-01481,train,0.6882777214247945,1.0,2.0,0.0,0.0,0.0,0.0,0.5,0,True
SYNTHETIC-01482,validation,0.918954764020023,1.0,6.0,0.0,1.0,0.0,0.0,1.0,0,True
SYNTHETIC-01483,train,0.9190414452865363,0.0,3.0,0.0,0.0,0.0,0.0,0.5,0,True
SYNTHETIC-01484,train,0.5105357303968849,1.0,6.0,0.0,0.0,1.0,0.0,1.0,0,True
SYNTHETIC-01485,validation,0.6152632881876573,1.0,4.0,0.0,0.0,0.0,0.0,1.0,1,True
SYNTHETIC-01486,train,0.53287989770009,0.0,4.0,0.0,0.0,0.0,0.0,0.5,0,True
SYNTHETIC-01487,train,0.4199749819095667,0.0,1.0,0.0,0.0,0.0,0.0,1.0,0,True
SYNTHETIC-01488,held_out_test,0.41712216593412094,0.0,4.0,0.0,0.0,0.0,0.0,0.5,0,True
SYNTHETIC-01489,train,0.16812796522708856,0.0,6.0,0.0,0.0,0.0,0.0,1.0,0,True
SYNTHETIC-01490,train,0.43431661350653816,0.0,6.0,0.0,0.0,0.0,0.0,1.0,0,True
SYNTHETIC-01491,train,0.5297275685054298,1.0,8.0,0.0,0.0,0.0,1.0,0.5,0,True
SYNTHETIC-01492,validation,0.9089715149319524,1.0,5.0,0.0,0.0,0.0,0.0,1.0,1,True
SYNTHETIC-01493,train,0.19573422942878455,0.0,8.0,1.0,0.0,0.0,0.0,0.5,0,True
SYNTHETIC-01494,train,0.07882708423163874,1.0,6.0,0.0,0.0,0.0,0.0,0.5,0,True
SYNTHETIC-01495,validation,0.9356179670662957,1.0,7.0,0.0,0.0,0.0,0.0,1.0,1,True
SYNTHETIC-01496,held_out_test,0.0,0.0,2.0,0.0,0.0,0.0,0.0,1.0,0,True
SYNTHETIC-01497,train,0.0,0.0,2.0,0.0,0.0,0.0,0.0,1.0,0,True
SYNTHETIC-01498,train,0.4654216842132932,0.0,5.0,0.0,0.0,0.0,0.0,1.0,0,True
SYNTHETIC-01499,train,0.33359551443350016,1.0,5.0,0.0,0.0,0.0,0.0,1.0,0,True
SYNTHETIC-01500,held_out_test,0.5777016879826745,1.0,4.0,0.0,0.0,0.0,1.0,1.0,0,True
SYNTHETIC-01501,validation,0.4482804381601623,1.0,8.0,0.0,0.0,0.0,0.0,0.5,0,True
SYNTHETIC-01502,train,0.3983963678048928,1.0,4.0,0.0,0.0,0.0,0.0,1.0,0,True
SYNTHETIC-01503,validation,0.3471877056993919,1.0,1.0,0.0,0.0,0.0,0.0,1.0,0,True
SYNTHETIC-01504,held_out_test,0.6886995441237713,1.0,5.0,0.0,0.0,0.0,0.0,1.0,1,True
SYNTHETIC-01505,validation,1.0,1.0,2.0,0.0,0.0,0.0,0.0,1.0,1,True
SYNTHETIC-01506,held_out_test,0.4745875109247719,1.0,1.0,0.0,0.0,0.0,1.0,1.0,0,True
SYNTHETIC-01507,train,0.0,1.0,3.0,0.0,0.0,1.0,0.0,1.0,0,True
SYNTHETIC-01508,train,0.02099675182492819,1.0,1.0,0.0,0.0,0.0,0.0,1.0,0,True
SYNTHETIC-01509,validation,0.9761373090093715,1.0,5.0,0.0,0.0,0.0,0.0,1.0,1,True
SYNTHETIC-01510,held_out_test,0.6871566279774278,1.0,4.0,0.0,1.0,0.0,0.0,0.5,0,True
SYNTHETIC-01511,validation,1.0,0.0,8.0,0.0,0.0,0.0,0.0,1.0,0,True
SYNTHETIC-01512,train,0.6766197072998038,1.0,1.0,0.0,0.0,0.0,0.0,1.0,1,True
SYNTHETIC-01513,train,0.622039959523519,0.0,4.0,0.0,0.0,0.0,0.0,0.5,0,True
SYNTHETIC-01514,held_out_test,0.820378925190418,1.0,8.0,0.0,0.0,0.0,0.0,0.5,0,True
SYNTHETIC-01515,validation,0.6303149003019806,1.0,5.0,1.0,0.0,0.0,0.0,1.0,0,True
SYNTHETIC-01516,train,0.5710441894029652,1.0,3.0,0.0,0.0,0.0,0.0,0.5,0,True
SYNTHETIC-01517,train,0.7887538804768289,1.0,6.0,0.0,0.0,1.0,0.0,1.0,0,True
SYNTHETIC-01518,train,0.57898701996335,1.0,3.0,0.0,1.0,0.0,0.0,1.0,0,True
SYNTHETIC-01519,train,0.7660242831277218,1.0,7.0,0.0,0.0,0.0,0.0,1.0,1,True
SYNTHETIC-01520,train,0.37994627105553147,1.0,6.0,1.0,0.0,0.0,0.0,0.5,0,True
SYNTHETIC-01521,validation,0.5693756611731724,1.0,3.0,1.0,0.0,0.0,0.0,0.5,0,True
SYNTHETIC-01522,validation,0.5449800864257434,1.0,1.0,0.0,0.0,0.0,0.0,0.5,0,True
SYNTHETIC-01523,train,0.9171315538695598,1.0,6.0,1.0,0.0,0.0,0.0,0.0,0,True
SYNTHETIC-01524,train,0.04561714005227322,1.0,8.0,0.0,1.0,0.0,0.0,1.0,0,True
SYNTHETIC-01525,validation,0.1765297293053005,1.0,8.0,0.0,0.0,0.0,1.0,1.0,0,True
SYNTHETIC-01526,held_out_test,0.3395073700905782,1.0,6.0,0.0,0.0,0.0,0.0,1.0,0,True
SYNTHETIC-01527,train,1.0,1.0,8.0,0.0,0.0,0.0,0.0,1.0,1,True
SYNTHETIC-01528,train,0.7833599273828223,1.0,7.0,0.0,0.0,0.0,0.0,1.0,1,True
SYNTHETIC-01529,validation,0.43219054649469346,0.0,4.0,0.0,0.0,0.0,0.0,0.5,0,True
SYNTHETIC-01530,train,0.4957746975845716,1.0,7.0,0.0,1.0,0.0,0.0,1.0,0,True
SYNTHETIC-01531,held_out_test,0.7457436103135938,1.0,1.0,0.0,0.0,0.0,0.0,1.0,0,True
SYNTHETIC-01532,train,0.04983611616204994,0.0,8.0,0.0,0.0,0.0,0.0,0.5,0,True
SYNTHETIC-01533,train,0.37249777164547687,0.0,8.0,0.0,0.0,0.0,0.0,1.0,0,True
SYNTHETIC-01534,train,1.0,1.0,5.0,0.0,0.0,0.0,0.0,1.0,1,True
SYNTHETIC-01535,held_out_test,0.6678234394691019,1.0,8.0,0.0,0.0,0.0,0.0,1.0,1,True
SYNTHETIC-01536,train,1.0,1.0,2.0,0.0,0.0,0.0,0.0,1.0,1,True
SYNTHETIC-01537,train,0.6329087803464596,1.0,1.0,0.0,0.0,0.0,1.0,1.0,0,True
SYNTHETIC-01538,held_out_test,0.6309005920828544,1.0,3.0,0.0,1.0,0.0,0.0,1.0,0,True
SYNTHETIC-01539,train,0.7597114032420023,0.0,1.0,0.0,0.0,0.0,0.0,1.0,1,True
SYNTHETIC-01540,validation,0.8474703587419729,1.0,2.0,1.0,0.0,0.0,0.0,1.0,0,True
SYNTHETIC-01541,held_out_test,0.6853420258460392,1.0,2.0,0.0,0.0,0.0,0.0,1.0,0,True
SYNTHETIC-01542,held_out_test,1.0,0.0,4.0,0.0,0.0,0.0,0.0,1.0,0,True
SYNTHETIC-01543,validation,1.0,0.0,6.0,0.0,0.0,0.0,0.0,1.0,0,True
SYNTHETIC-01544,held_out_test,0.12622747881364377,1.0,2.0,0.0,0.0,1.0,0.0,1.0,0,True
SYNTHETIC-01545,validation,0.7397190486343782,1.0,3.0,0.0,0.0,0.0,1.0,1.0,0,True
SYNTHETIC-01546,train,0.7309124793566194,1.0,6.0,0.0,0.0,0.0,0.0,1.0,1,True
SYNTHETIC-01547,train,0.9569607377705749,1.0,2.0,0.0,0.0,0.0,0.0,1.0,1,True
SYNTHETIC-01548,held_out_test,1.0,1.0,3.0,0.0,0.0,0.0,0.0,1.0,1,True
SYNTHETIC-01549,held_out_test,0.25509199797987325,1.0,7.0,0.0,0.0,0.0,1.0,0.5,0,True
SYNTHETIC-01550,train,0.6657953037341707,1.0,4.0,0.0,0.0,0.0,0.0,1.0,1,True
SYNTHETIC-01551,train,0.7852177802535026,1.0,2.0,0.0,0.0,0.0,0.0,1.0,1,True
SYNTHETIC-01552,train,0.6768320334099818,1.0,7.0,0.0,0.0,0.0,0.0,1.0,1,True
SYNTHETIC-01553,validation,0.20928370661254375,0.0,8.0,0.0,1.0,0.0,1.0,1.0,0,True
SYNTHETIC-01554,validation,0.4771770723836454,0.0,8.0,0.0,0.0,0.0,0.0,1.0,0,True
SYNTHETIC-01555,train,0.7203205449557816,1.0,4.0,1.0,0.0,0.0,0.0,1.0,0,True
SYNTHETIC-01556,held_out_test,0.2394693050601556,1.0,1.0,0.0,0.0,0.0,0.0,0.5,0,True
SYNTHETIC-01557,train,0.6027017089351118,0.0,4.0,0.0,0.0,0.0,0.0,1.0,0,True
SYNTHETIC-01558,train,0.4778682969403166,1.0,7.0,0.0,0.0,0.0,0.0,1.0,0,True
SYNTHETIC-01559,train,1.0,1.0,8.0,1.0,0.0,0.0,0.0,1.0,0,True
SYNTHETIC-01560,held_out_test,0.6470633911059074,1.0,1.0,0.0,0.0,0.0,0.0,0.5,0,True
SYNTHETIC-01561,train,0.05378770628813907,0.0,1.0,0.0,0.0,0.0,0.0,0.5,0,True
SYNTHETIC-01562,train,1.0,1.0,3.0,0.0,0.0,0.0,0.0,1.0,1,True
SYNTHETIC-01563,validation,0.6685041287082101,1.0,1.0,0.0,0.0,0.0,1.0,1.0,0,True
SYNTHETIC-01564,train,0.527976678055155,0.0,2.0,0.0,0.0,0.0,0.0,0.5,0,True
SYNTHETIC-01565,held_out_test,1.0,1.0,4.0,0.0,1.0,0.0,0.0,0.5,0,True
SYNTHETIC-01566,validation,0.9888650839144439,0.0,3.0,0.0,0.0,0.0,0.0,1.0,0,True
SYNTHETIC-01567,train,0.6029954707742503,1.0,5.0,0.0,0.0,0.0,0.0,0.0,0,True
SYNTHETIC-01568,train,0.8096192384681263,1.0,8.0,0.0,0.0,0.0,0.0,1.0,0,True
SYNTHETIC-01569,train,0.8871981080890285,1.0,5.0,1.0,0.0,0.0,0.0,1.0,0,True
SYNTHETIC-01570,validation,0.15739676168906128,0.0,5.0,0.0,0.0,0.0,0.0,1.0,0,True
SYNTHETIC-01571,train,0.8021979297901415,0.0,8.0,1.0,0.0,0.0,0.0,1.0,0,True
SYNTHETIC-01572,train,1.0,1.0,5.0,0.0,0.0,0.0,0.0,1.0,1,True
SYNTHETIC-01573,train,0.814812948149352,1.0,8.0,0.0,0.0,0.0,0.0,1.0,0,True
SYNTHETIC-01574,held_out_test,0.7261951149350677,1.0,8.0,0.0,0.0,0.0,0.0,1.0,0,True
SYNTHETIC-01575,validation,1.0,0.0,1.0,0.0,0.0,0.0,0.0,1.0,0,True
SYNTHETIC-01576,train,0.3556818709188364,1.0,8.0,0.0,0.0,0.0,0.0,1.0,0,True
SYNTHETIC-01577,train,0.7729889160990078,1.0,2.0,0.0,0.0,0.0,1.0,1.0,0,True
SYNTHETIC-01578,train,0.0,0.0,3.0,0.0,1.0,0.0,0.0,1.0,0,True
SYNTHETIC-01579,train,0.7410671829648069,1.0,5.0,0.0,0.0,0.0,0.0,1.0,1,True
SYNTHETIC-01580,train,0.48695637340101094,0.0,7.0,0.0,0.0,0.0,0.0,1.0,0,True
SYNTHETIC-01581,validation,0.9140540767282125,1.0,8.0,1.0,1.0,0.0,0.0,1.0,0,True
SYNTHETIC-01582,train,0.13531025694899923,1.0,4.0,0.0,0.0,0.0,0.0,1.0,0,True
SYNTHETIC-01583,train,0.03358168572180839,0.0,3.0,0.0,0.0,1.0,0.0,1.0,0,True
SYNTHETIC-01584,held_out_test,0.0,0.0,4.0,0.0,0.0,0.0,0.0,0.5,0,True
SYNTHETIC-01585,train,0.7993899092838569,1.0,3.0,0.0,0.0,0.0,0.0,1.0,1,True
SYNTHETIC-01586,validation,0.9727642584092706,1.0,3.0,0.0,1.0,0.0,0.0,1.0,0,True
SYNTHETIC-01587,train,0.0,0.0,2.0,0.0,0.0,0.0,0.0,1.0,0,True
SYNTHETIC-01588,held_out_test,0.755999759313252,0.0,6.0,0.0,0.0,0.0,0.0,1.0,0,True
SYNTHETIC-01589,train,1.0,1.0,8.0,1.0,0.0,0.0,0.0,0.5,0,True
SYNTHETIC-01590,train,0.14553480555348286,0.0,5.0,0.0,0.0,0.0,0.0,1.0,0,True
SYNTHETIC-01591,train,0.626256049483598,1.0,2.0,0.0,0.0,0.0,0.0,1.0,1,True
SYNTHETIC-01592,held_out_test,0.44013100202327987,1.0,6.0,0.0,0.0,0.0,0.0,1.0,1,True
SYNTHETIC-01593,train,1.0,1.0,5.0,0.0,0.0,0.0,0.0,1.0,1,True
SYNTHETIC-01594,train,0.364772957932557,0.0,4.0,1.0,0.0,0.0,0.0,1.0,0,True
SYNTHETIC-01595,train,0.4783223995576611,1.0,1.0,0.0,0.0,0.0,0.0,1.0,0,True
SYNTHETIC-01596,held_out_test,0.41698165192929787,1.0,7.0,0.0,0.0,0.0,0.0,1.0,0,True
SYNTHETIC-01597,train,0.43622483057981526,1.0,5.0,0.0,0.0,0.0,0.0,1.0,0,True
SYNTHETIC-01598,train,0.298121404587091,1.0,2.0,1.0,0.0,0.0,0.0,1.0,0,True
SYNTHETIC-01599,held_out_test,0.5315496914231961,1.0,4.0,0.0,0.0,0.0,0.0,0.5,0,True
SYNTHETIC-01600,validation,0.7335931927362361,0.0,5.0,0.0,0.0,0.0,0.0,0.0,0,True
SYNTHETIC-01601,train,0.8022812683436699,0.0,5.0,0.0,0.0,0.0,1.0,1.0,0,True
SYNTHETIC-01602,train,0.31935400224539257,0.0,6.0,0.0,0.0,0.0,0.0,1.0,0,True
SYNTHETIC-01603,train,0.6389929355884232,1.0,1.0,0.0,0.0,0.0,0.0,1.0,1,True
SYNTHETIC-01604,held_out_test,0.9189693665095863,0.0,5.0,0.0,0.0,0.0,0.0,1.0,1,True
SYNTHETIC-01605,train,1.0,0.0,1.0,0.0,0.0,1.0,0.0,0.5,0,True
SYNTHETIC-01606,held_out_test,0.5927429548625859,0.0,2.0,0.0,0.0,0.0,0.0,1.0,0,True
SYNTHETIC-01607,train,0.7684221409191128,1.0,1.0,0.0,0.0,0.0,0.0,1.0,1,True
SYNTHETIC-01608,train,0.0,0.0,5.0,0.0,0.0,0.0,0.0,1.0,0,True
SYNTHETIC-01609,train,0.8687340729205622,0.0,7.0,0.0,0.0,0.0,0.0,1.0,0,True
SYNTHETIC-01610,train,0.5352066223365807,0.0,8.0,0.0,0.0,0.0,0.0,1.0,0,True
SYNTHETIC-01611,validation,0.3688698096700593,0.0,6.0,0.0,0.0,0.0,0.0,0.5,0,True
SYNTHETIC-01612,train,0.6883908722603532,0.0,7.0,0.0,0.0,0.0,0.0,1.0,0,True
SYNTHETIC-01613,train,0.64220664960204,1.0,2.0,1.0,0.0,0.0,0.0,1.0,0,True
SYNTHETIC-01614,train,1.0,1.0,1.0,0.0,0.0,0.0,0.0,0.5,0,True
SYNTHETIC-01615,validation,0.3292264745836977,1.0,3.0,0.0,0.0,1.0,0.0,1.0,0,True
SYNTHETIC-01616,train,0.8775512991830156,0.0,3.0,0.0,0.0,0.0,0.0,1.0,0,True
SYNTHETIC-01617,train,0.625946800884936,0.0,4.0,0.0,0.0,0.0,0.0,1.0,0,True
SYNTHETIC-01618,train,0.15428390352033317,0.0,6.0,0.0,0.0,0.0,0.0,1.0,0,True
SYNTHETIC-01619,train,0.2921152838783191,0.0,1.0,0.0,0.0,0.0,0.0,1.0,0,True
SYNTHETIC-01620,train,0.9289725954311057,1.0,1.0,0.0,0.0,0.0,0.0,1.0,1,True
SYNTHETIC-01621,validation,0.7729308485699452,1.0,7.0,1.0,0.0,0.0,0.0,1.0,0,True
SYNTHETIC-01622,validation,0.373493138334681,0.0,5.0,0.0,0.0,0.0,0.0,1.0,0,True
SYNTHETIC-01623,train,0.14538001805920744,1.0,3.0,0.0,1.0,1.0,0.0,1.0,0,True
SYNTHETIC-01624,validation,0.7987722744393376,1.0,7.0,0.0,0.0,0.0,1.0,0.5,0,True
SYNTHETIC-01625,validation,1.0,1.0,6.0,0.0,0.0,0.0,0.0,1.0,1,True
SYNTHETIC-01626,train,0.24473032644880713,1.0,7.0,0.0,0.0,0.0,0.0,1.0,0,True
SYNTHETIC-01627,train,1.0,0.0,6.0,0.0,0.0,0.0,0.0,0.5,0,True
SYNTHETIC-01628,held_out_test,0.998346311798987,1.0,5.0,1.0,0.0,0.0,0.0,1.0,0,True
SYNTHETIC-01629,train,0.960590903755848,1.0,8.0,0.0,0.0,0.0,0.0,1.0,1,True
SYNTHETIC-01630,held_out_test,0.018361093151940594,1.0,8.0,0.0,0.0,0.0,0.0,1.0,0,True
SYNTHETIC-01631,validation,0.46864869813167676,1.0,6.0,0.0,1.0,0.0,0.0,1.0,0,True
SYNTHETIC-01632,train,0.27031292524066186,1.0,6.0,0.0,0.0,0.0,0.0,0.0,0,True
SYNTHETIC-01633,train,0.8745104513979144,1.0,1.0,1.0,0.0,0.0,0.0,1.0,0,True
SYNTHETIC-01634,train,0.956719778209438,1.0,7.0,0.0,0.0,1.0,0.0,0.5,0,True
SYNTHETIC-01635,validation,0.48454766127661286,1.0,2.0,1.0,0.0,0.0,0.0,1.0,0,True
SYNTHETIC-01636,train,0.7051524526461661,0.0,1.0,0.0,0.0,0.0,0.0,1.0,0,True
SYNTHETIC-01637,train,0.2022895428272421,1.0,4.0,0.0,0.0,0.0,0.0,1.0,0,True
SYNTHETIC-01638,train,0.411521583134284,1.0,1.0,0.0,0.0,0.0,0.0,1.0,1,True
SYNTHETIC-01639,validation,0.8915664830547212,0.0,1.0,0.0,0.0,0.0,0.0,1.0,0,True
SYNTHETIC-01640,train,1.0,1.0,4.0,0.0,0.0,0.0,0.0,1.0,1,True
SYNTHETIC-01641,train,1.0,1.0,4.0,0.0,1.0,0.0,0.0,1.0,0,True
SYNTHETIC-01642,validation,0.6577377869960899,1.0,2.0,0.0,0.0,0.0,0.0,0.5,0,True
SYNTHETIC-01643,train,0.8028534584288275,1.0,8.0,0.0,1.0,0.0,0.0,0.5,0,True
SYNTHETIC-01644,train,0.47412003643133105,1.0,2.0,1.0,0.0,0.0,0.0,1.0,0,True
SYNTHETIC-01645,train,0.6898717967477375,1.0,2.0,0.0,0.0,0.0,0.0,0.5,0,True
SYNTHETIC-01646,train,0.7628447629460804,1.0,7.0,0.0,0.0,0.0,0.0,1.0,1,True
SYNTHETIC-01647,train,1.0,0.0,6.0,1.0,0.0,0.0,0.0,1.0,0,True
SYNTHETIC-01648,validation,0.8965191847817866,1.0,3.0,0.0,0.0,0.0,0.0,1.0,1,True
SYNTHETIC-01649,train,0.4767210381296804,1.0,3.0,0.0,0.0,0.0,0.0,1.0,0,True
SYNTHETIC-01650,train,0.2802293493796211,0.0,8.0,0.0,0.0,1.0,0.0,1.0,0,True
SYNTHETIC-01651,train,0.8102155954070378,1.0,1.0,1.0,0.0,0.0,0.0,1.0,0,True
SYNTHETIC-01652,held_out_test,0.5914934036661673,1.0,6.0,0.0,0.0,0.0,0.0,0.5,0,True
SYNTHETIC-01653,held_out_test,1.0,1.0,1.0,0.0,0.0,0.0,0.0,1.0,1,True
SYNTHETIC-01654,validation,0.7312608152898321,0.0,1.0,0.0,0.0,0.0,0.0,0.5,0,True
SYNTHETIC-01655,train,0.9000885493768735,0.0,1.0,0.0,1.0,0.0,0.0,1.0,0,True
SYNTHETIC-01656,train,0.06226358989087191,1.0,5.0,0.0,0.0,0.0,0.0,1.0,0,True
SYNTHETIC-01657,train,0.9546120719272836,1.0,3.0,0.0,0.0,0.0,0.0,1.0,1,True
SYNTHETIC-01658,validation,0.3967381464976888,1.0,6.0,0.0,0.0,0.0,1.0,1.0,0,True
SYNTHETIC-01659,held_out_test,0.8422711549042868,0.0,8.0,0.0,0.0,0.0,1.0,1.0,0,True
SYNTHETIC-01660,held_out_test,0.8591775663501979,0.0,1.0,0.0,0.0,0.0,0.0,1.0,0,True
SYNTHETIC-01661,train,0.13400875415662888,1.0,5.0,0.0,0.0,0.0,0.0,1.0,0,True
SYNTHETIC-01662,held_out_test,1.0,0.0,8.0,0.0,0.0,0.0,0.0,1.0,0,True
SYNTHETIC-01663,validation,0.3353812735153337,1.0,1.0,0.0,0.0,0.0,0.0,1.0,0,True
SYNTHETIC-01664,train,0.0,0.0,4.0,0.0,0.0,0.0,0.0,1.0,0,True
SYNTHETIC-01665,held_out_test,0.5712542199410975,1.0,1.0,0.0,1.0,0.0,0.0,0.5,0,True
SYNTHETIC-01666,validation,0.4467940117032498,0.0,1.0,0.0,0.0,0.0,0.0,1.0,0,True
SYNTHETIC-01667,held_out_test,0.10397009021531282,0.0,8.0,0.0,0.0,0.0,0.0,1.0,0,True
SYNTHETIC-01668,held_out_test,0.9842113250988128,1.0,3.0,0.0,0.0,0.0,0.0,1.0,1,True
SYNTHETIC-01669,train,0.3460395816672517,1.0,2.0,1.0,0.0,0.0,0.0,1.0,0,True
SYNTHETIC-01670,train,0.8161866917841205,1.0,8.0,0.0,0.0,0.0,0.0,1.0,1,True
SYNTHETIC-01671,train,0.1052360483818333,0.0,3.0,0.0,0.0,0.0,0.0,1.0,0,True
SYNTHETIC-01672,train,0.5694193844661556,0.0,3.0,0.0,0.0,0.0,0.0,0.5,0,True
SYNTHETIC-01673,held_out_test,0.0,0.0,7.0,0.0,0.0,0.0,0.0,1.0,0,True
SYNTHETIC-01674,held_out_test,0.794702592500053,1.0,7.0,0.0,0.0,0.0,0.0,1.0,1,True
SYNTHETIC-01675,train,0.3482913224846237,0.0,5.0,0.0,0.0,0.0,0.0,1.0,0,True
SYNTHETIC-01676,validation,0.4932057329350429,1.0,7.0,0.0,0.0,0.0,0.0,1.0,1,True
SYNTHETIC-01677,validation,0.8689557815997354,1.0,2.0,0.0,0.0,0.0,1.0,1.0,0,True
SYNTHETIC-01678,held_out_test,0.9412065984924552,1.0,7.0,0.0,0.0,0.0,0.0,1.0,1,True
SYNTHETIC-01679,held_out_test,0.682918470629656,1.0,6.0,1.0,0.0,0.0,0.0,1.0,0,True
SYNTHETIC-01680,train,1.0,1.0,5.0,0.0,0.0,0.0,0.0,1.0,1,True
SYNTHETIC-01681,train,0.64033909355516,0.0,3.0,1.0,0.0,0.0,0.0,1.0,0,True
SYNTHETIC-01682,train,0.4842681251000443,1.0,1.0,0.0,0.0,0.0,1.0,1.0,0,True
SYNTHETIC-01683,validation,0.39799976146359606,1.0,5.0,0.0,0.0,0.0,0.0,1.0,0,True
SYNTHETIC-01684,validation,0.3610482933881357,1.0,7.0,0.0,0.0,0.0,0.0,0.5,0,True
SYNTHETIC-01685,train,0.7720189368303371,1.0,1.0,0.0,0.0,0.0,0.0,0.5,0,True
SYNTHETIC-01686,validation,0.6126425254657892,1.0,2.0,0.0,0.0,0.0,0.0,1.0,1,True
SYNTHETIC-01687,train,0.8216503643599156,1.0,8.0,1.0,1.0,0.0,0.0,1.0,0,True
SYNTHETIC-01688,held_out_test,0.2608723336749709,0.0,7.0,0.0,0.0,0.0,0.0,1.0,0,True
SYNTHETIC-01689,train,0.8898152041358204,1.0,5.0,1.0,0.0,0.0,0.0,0.5,0,True
SYNTHETIC-01690,held_out_test,0.4768385574546814,1.0,4.0,0.0,0.0,1.0,1.0,1.0,0,True
SYNTHETIC-01691,validation,0.6205813641932364,0.0,1.0,0.0,0.0,0.0,1.0,1.0,0,True
SYNTHETIC-01692,train,0.2802413543467992,1.0,8.0,0.0,0.0,0.0,0.0,1.0,0,True
SYNTHETIC-01693,train,0.11272698873779774,0.0,5.0,0.0,0.0,0.0,0.0,0.5,0,True
SYNTHETIC-01694,train,0.8673514321632988,1.0,1.0,0.0,0.0,0.0,1.0,1.0,0,True
SYNTHETIC-01695,train,0.33239991368448546,1.0,3.0,0.0,0.0,0.0,0.0,0.5,0,True
SYNTHETIC-01696,train,0.43612159893300395,0.0,7.0,0.0,0.0,0.0,0.0,1.0,0,True
SYNTHETIC-01697,train,0.983640250419936,1.0,8.0,0.0,0.0,0.0,0.0,1.0,1,True
SYNTHETIC-01698,train,0.8064054577684827,0.0,6.0,0.0,0.0,0.0,0.0,1.0,0,True
SYNTHETIC-01699,train,1.0,1.0,2.0,0.0,0.0,0.0,0.0,1.0,1,True
SYNTHETIC-01700,train,0.22451007092609424,0.0,2.0,0.0,0.0,0.0,0.0,1.0,0,True
SYNTHETIC-01701,held_out_test,0.39829253119895514,1.0,3.0,0.0,1.0,0.0,0.0,1.0,0,True
SYNTHETIC-01702,train,0.4294372386370799,1.0,7.0,0.0,0.0,0.0,0.0,1.0,0,True
SYNTHETIC-01703,held_out_test,0.41952748694695463,0.0,7.0,0.0,0.0,0.0,0.0,1.0,0,True
SYNTHETIC-01704,train,0.5811299725834685,0.0,6.0,0.0,0.0,0.0,0.0,1.0,0,True
SYNTHETIC-01705,validation,0.761188813540435,1.0,2.0,0.0,0.0,1.0,0.0,1.0,0,True
SYNTHETIC-01706,train,1.0,1.0,3.0,0.0,0.0,0.0,0.0,1.0,1,True
SYNTHETIC-01707,held_out_test,0.7601565597323651,1.0,3.0,0.0,0.0,0.0,0.0,1.0,1,True
SYNTHETIC-01708,train,0.9230295494924335,1.0,6.0,0.0,0.0,0.0,0.0,1.0,0,True
SYNTHETIC-01709,validation,0.3383383767998561,1.0,7.0,0.0,0.0,0.0,0.0,0.5,0,True
SYNTHETIC-01710,validation,1.0,0.0,1.0,0.0,0.0,0.0,0.0,0.5,0,True
SYNTHETIC-01711,train,1.0,1.0,6.0,0.0,0.0,1.0,0.0,1.0,0,True
SYNTHETIC-01712,train,0.969624416181024,1.0,4.0,0.0,0.0,0.0,0.0,1.0,1,True
SYNTHETIC-01713,train,0.5399347059830832,1.0,3.0,0.0,0.0,0.0,0.0,0.5,0,True
SYNTHETIC-01714,train,0.9613693341389129,1.0,5.0,0.0,0.0,0.0,0.0,1.0,1,True
SYNTHETIC-01715,train,0.998256912881243,1.0,4.0,0.0,0.0,1.0,0.0,1.0,0,True
SYNTHETIC-01716,train,0.8289684204582766,1.0,8.0,1.0,0.0,0.0,1.0,1.0,0,True
SYNTHETIC-01717,train,0.3964002529332656,1.0,5.0,0.0,0.0,0.0,0.0,1.0,0,True
SYNTHETIC-01718,train,0.5622013896358738,0.0,7.0,1.0,0.0,0.0,0.0,1.0,0,True
SYNTHETIC-01719,train,0.37590876720289745,0.0,8.0,0.0,0.0,0.0,0.0,0.5,0,True
SYNTHETIC-01720,train,0.1819605057092756,1.0,8.0,0.0,0.0,0.0,0.0,1.0,0,True
SYNTHETIC-01721,validation,0.34419087605744303,0.0,6.0,0.0,0.0,0.0,0.0,1.0,0,True
SYNTHETIC-01722,held_out_test,0.87474600508225,1.0,8.0,0.0,0.0,0.0,0.0,1.0,1,True
SYNTHETIC-01723,held_out_test,0.6761792219544257,1.0,5.0,0.0,0.0,0.0,0.0,1.0,1,True
SYNTHETIC-01724,train,0.32712404392170646,0.0,3.0,1.0,0.0,1.0,0.0,1.0,0,True
SYNTHETIC-01725,train,0.77350773831444,0.0,7.0,0.0,0.0,0.0,1.0,0.5,0,True
SYNTHETIC-01726,held_out_test,1.0,1.0,8.0,0.0,0.0,1.0,0.0,1.0,0,True
SYNTHETIC-01727,validation,0.17405711790110806,0.0,3.0,0.0,0.0,0.0,1.0,1.0,0,True
SYNTHETIC-01728,train,0.8287986639664738,1.0,8.0,0.0,0.0,0.0,0.0,0.5,0,True
SYNTHETIC-01729,held_out_test,0.3155933723486751,1.0,4.0,0.0,0.0,0.0,0.0,1.0,0,True
SYNTHETIC-01730,held_out_test,0.6187705591499607,1.0,2.0,0.0,0.0,0.0,0.0,1.0,1,True
SYNTHETIC-01731,train,0.293715233808776,1.0,6.0,0.0,0.0,0.0,0.0,1.0,0,True
SYNTHETIC-01732,train,0.45733904207776915,1.0,2.0,0.0,0.0,0.0,0.0,0.5,0,True
SYNTHETIC-01733,held_out_test,0.40592451054563855,1.0,4.0,0.0,1.0,0.0,0.0,0.5,0,True
SYNTHETIC-01734,train,0.6699083297168051,1.0,5.0,0.0,0.0,0.0,0.0,1.0,1,True
SYNTHETIC-01735,train,0.5778169758699733,1.0,4.0,0.0,0.0,0.0,0.0,1.0,1,True
SYNTHETIC-01736,train,0.6807108842454255,0.0,1.0,0.0,0.0,0.0,1.0,0.5,0,True
SYNTHETIC-01737,train,0.8554924667531665,1.0,2.0,0.0,0.0,0.0,1.0,0.5,0,True
SYNTHETIC-01738,train,1.0,1.0,1.0,0.0,0.0,0.0,0.0,1.0,1,True
SYNTHETIC-01739,train,0.19560946125560325,1.0,5.0,0.0,0.0,0.0,0.0,0.5,0,True
SYNTHETIC-01740,held_out_test,0.6352623976602186,1.0,8.0,0.0,0.0,0.0,0.0,1.0,0,True
SYNTHETIC-01741,train,0.8658504004853939,1.0,6.0,0.0,0.0,0.0,0.0,1.0,1,True
SYNTHETIC-01742,train,0.7586134829082108,0.0,5.0,0.0,0.0,0.0,0.0,1.0,1,True
SYNTHETIC-01743,train,0.2055652297869411,0.0,7.0,0.0,0.0,0.0,1.0,1.0,0,True
SYNTHETIC-01744,validation,1.0,0.0,1.0,0.0,0.0,0.0,0.0,1.0,0,True
SYNTHETIC-01745,train,0.5196097540236687,0.0,1.0,0.0,0.0,0.0,0.0,1.0,0,True
SYNTHETIC-01746,train,0.7302894986978367,1.0,8.0,0.0,0.0,0.0,0.0,1.0,1,True
SYNTHETIC-01747,held_out_test,0.38470683460739347,0.0,8.0,0.0,0.0,0.0,0.0,1.0,0,True
SYNTHETIC-01748,train,0.6204413356331252,1.0,5.0,0.0,1.0,0.0,0.0,1.0,0,True
SYNTHETIC-01749,train,0.3273081194415757,1.0,1.0,0.0,0.0,0.0,0.0,1.0,0,True
SYNTHETIC-01750,held_out_test,0.4808647317667678,0.0,2.0,0.0,0.0,0.0,0.0,0.5,0,True
SYNTHETIC-01751,train,0.9749047593194848,1.0,6.0,1.0,0.0,0.0,0.0,1.0,0,True
SYNTHETIC-01752,train,0.5172710524901993,1.0,2.0,0.0,0.0,0.0,0.0,0.5,0,True
SYNTHETIC-01753,train,0.3368235495743447,1.0,5.0,0.0,0.0,0.0,0.0,1.0,0,True
SYNTHETIC-01754,train,0.9451269044018498,0.0,7.0,0.0,0.0,1.0,0.0,1.0,0,True
SYNTHETIC-01755,validation,0.9484413956861343,1.0,4.0,0.0,0.0,0.0,0.0,1.0,1,True
SYNTHETIC-01756,train,0.0,1.0,4.0,0.0,0.0,0.0,0.0,1.0,0,True
SYNTHETIC-01757,train,0.4228273343722966,1.0,8.0,0.0,0.0,1.0,0.0,1.0,0,True
SYNTHETIC-01758,train,0.2611164789014678,1.0,8.0,1.0,0.0,0.0,0.0,1.0,0,True
SYNTHETIC-01759,train,0.2169279124868458,1.0,4.0,0.0,0.0,1.0,0.0,1.0,0,True
SYNTHETIC-01760,train,0.4135858056032781,1.0,2.0,1.0,0.0,0.0,0.0,1.0,0,True
SYNTHETIC-01761,validation,0.7442664189847206,1.0,1.0,0.0,0.0,0.0,0.0,1.0,1,True
SYNTHETIC-01762,validation,0.6085423092742914,0.0,2.0,0.0,0.0,0.0,0.0,1.0,0,True
SYNTHETIC-01763,train,0.7576633893131984,1.0,5.0,1.0,0.0,0.0,0.0,1.0,0,True
SYNTHETIC-01764,train,0.898032741107532,1.0,8.0,0.0,1.0,0.0,0.0,1.0,0,True
SYNTHETIC-01765,train,0.5146272120487304,1.0,5.0,0.0,0.0,0.0,0.0,1.0,0,True
SYNTHETIC-01766,train,0.361688977921524,0.0,8.0,0.0,0.0,0.0,0.0,1.0,0,True
SYNTHETIC-01767,train,0.5704707310541967,0.0,6.0,0.0,0.0,0.0,0.0,1.0,0,True
SYNTHETIC-01768,held_out_test,0.6946691464562555,0.0,1.0,0.0,0.0,0.0,0.0,1.0,0,True
SYNTHETIC-01769,train,0.784873301529958,0.0,3.0,0.0,0.0,0.0,0.0,1.0,0,True
SYNTHETIC-01770,held_out_test,0.422619872244773,0.0,5.0,0.0,0.0,0.0,0.0,1.0,0,True
SYNTHETIC-01771,train,0.7876701554241813,1.0,1.0,0.0,0.0,0.0,0.0,1.0,1,True
SYNTHETIC-01772,validation,0.9994912772344207,1.0,1.0,0.0,1.0,0.0,0.0,0.5,0,True
SYNTHETIC-01773,train,0.5590015543737031,1.0,3.0,0.0,0.0,0.0,0.0,1.0,1,True
SYNTHETIC-01774,train,0.5679737370898501,0.0,8.0,0.0,0.0,0.0,0.0,0.5,0,True
SYNTHETIC-01775,train,0.9684559692373271,1.0,5.0,0.0,0.0,0.0,0.0,1.0,1,True
SYNTHETIC-01776,validation,0.08196552702038964,0.0,5.0,0.0,0.0,0.0,0.0,1.0,0,True
SYNTHETIC-01777,train,0.7920646466689346,0.0,5.0,0.0,0.0,0.0,0.0,1.0,0,True
SYNTHETIC-01778,validation,0.7223381171348406,1.0,5.0,0.0,0.0,0.0,0.0,1.0,1,True
SYNTHETIC-01779,train,0.38953505560050006,1.0,7.0,1.0,0.0,0.0,0.0,1.0,0,True
SYNTHETIC-01780,train,0.5669673764151659,0.0,3.0,0.0,0.0,1.0,0.0,1.0,0,True
SYNTHETIC-01781,validation,0.11500875036958834,0.0,3.0,0.0,0.0,0.0,0.0,1.0,0,True
SYNTHETIC-01782,held_out_test,0.60193950176637,1.0,3.0,1.0,0.0,1.0,0.0,1.0,0,True
SYNTHETIC-01783,train,0.7886209159613388,0.0,5.0,0.0,0.0,0.0,0.0,1.0,0,True
SYNTHETIC-01784,train,0.603020457853435,1.0,3.0,0.0,0.0,0.0,0.0,1.0,1,True
SYNTHETIC-01785,train,1.0,1.0,8.0,0.0,0.0,0.0,0.0,0.5,0,True
SYNTHETIC-01786,train,0.827546995860865,1.0,6.0,0.0,0.0,0.0,0.0,1.0,1,True
SYNTHETIC-01787,train,0.9124535590031165,1.0,3.0,0.0,0.0,0.0,0.0,1.0,1,True
SYNTHETIC-01788,train,0.37888380380569486,1.0,3.0,0.0,0.0,0.0,0.0,1.0,0,True
SYNTHETIC-01789,train,0.6980463516505813,0.0,4.0,0.0,0.0,0.0,1.0,0.5,0,True
SYNTHETIC-01790,train,0.6213916352780654,1.0,7.0,0.0,0.0,0.0,1.0,1.0,0,True
SYNTHETIC-01791,train,0.47943180957824433,1.0,8.0,0.0,0.0,0.0,1.0,1.0,0,True
SYNTHETIC-01792,held_out_test,0.6869981613011967,1.0,5.0,0.0,0.0,0.0,0.0,0.5,0,True
SYNTHETIC-01793,train,0.11525424238640827,0.0,2.0,0.0,0.0,0.0,0.0,1.0,0,True
SYNTHETIC-01794,validation,0.20647618457456568,1.0,1.0,0.0,0.0,0.0,0.0,1.0,0,True
SYNTHETIC-01795,held_out_test,0.6861478157295471,0.0,5.0,0.0,0.0,0.0,1.0,0.5,0,True
SYNTHETIC-01796,held_out_test,0.900483683276347,1.0,5.0,1.0,0.0,0.0,0.0,0.5,0,True
SYNTHETIC-01797,held_out_test,0.5128091029113334,1.0,3.0,0.0,0.0,0.0,0.0,1.0,0,True
SYNTHETIC-01798,train,0.2094254952592243,0.0,8.0,1.0,0.0,0.0,0.0,1.0,0,True
SYNTHETIC-01799,validation,0.9386188587016497,0.0,1.0,0.0,0.0,0.0,0.0,1.0,0,True
SYNTHETIC-01800,validation,0.7408514087346003,1.0,3.0,0.0,0.0,0.0,0.0,1.0,1,True
SYNTHETIC-01801,train,0.2654711347278079,0.0,7.0,0.0,0.0,1.0,0.0,1.0,0,True
SYNTHETIC-01802,held_out_test,0.575015019553295,1.0,2.0,1.0,0.0,1.0,0.0,1.0,0,True
SYNTHETIC-01803,held_out_test,0.307625805591181,1.0,2.0,0.0,0.0,0.0,0.0,1.0,0,True
SYNTHETIC-01804,train,0.5022413545987423,0.0,6.0,0.0,0.0,0.0,0.0,1.0,0,True
SYNTHETIC-01805,train,0.2677127788410022,0.0,8.0,1.0,0.0,0.0,0.0,0.5,0,True
SYNTHETIC-01806,train,0.4451541910909904,1.0,2.0,0.0,0.0,0.0,0.0,0.5,0,True
SYNTHETIC-01807,train,0.666234985577248,1.0,4.0,0.0,0.0,0.0,0.0,1.0,1,True
SYNTHETIC-01808,train,0.06971557472471587,1.0,8.0,0.0,0.0,0.0,0.0,1.0,0,True
SYNTHETIC-01809,train,0.8494127293415287,0.0,2.0,0.0,0.0,0.0,0.0,1.0,0,True
SYNTHETIC-01810,train,0.7704722074723841,1.0,2.0,0.0,0.0,0.0,0.0,1.0,1,True
SYNTHETIC-01811,train,0.5306461634716912,0.0,2.0,0.0,1.0,0.0,0.0,1.0,0,True
SYNTHETIC-01812,train,0.7101149907118433,1.0,4.0,0.0,0.0,0.0,0.0,1.0,1,True
SYNTHETIC-01813,train,0.41856617566092513,0.0,7.0,1.0,0.0,0.0,0.0,1.0,0,True
SYNTHETIC-01814,train,0.0,1.0,4.0,0.0,0.0,0.0,0.0,1.0,0,True
SYNTHETIC-01815,validation,0.7995524471275401,1.0,3.0,0.0,0.0,0.0,0.0,1.0,1,True
SYNTHETIC-01816,held_out_test,0.8361265748095894,1.0,7.0,0.0,0.0,0.0,0.0,0.5,0,True
SYNTHETIC-01817,train,0.055139511074781745,0.0,3.0,0.0,0.0,0.0,0.0,1.0,0,True
SYNTHETIC-01818,validation,1.0,1.0,3.0,0.0,1.0,0.0,0.0,1.0,0,True
SYNTHETIC-01819,train,0.614825551075841,1.0,2.0,0.0,0.0,0.0,0.0,1.0,1,True
SYNTHETIC-01820,train,0.905491895292136,1.0,1.0,1.0,0.0,0.0,0.0,0.5,0,True
SYNTHETIC-01821,held_out_test,0.2419154601428247,0.0,5.0,0.0,0.0,0.0,1.0,1.0,0,True
SYNTHETIC-01822,train,0.8590583278041743,1.0,8.0,0.0,0.0,0.0,0.0,1.0,1,True
SYNTHETIC-01823,train,0.783659669249413,1.0,3.0,0.0,0.0,0.0,0.0,1.0,1,True
SYNTHETIC-01824,train,0.5740887184426918,1.0,1.0,0.0,0.0,0.0,1.0,1.0,0,True
SYNTHETIC-01825,held_out_test,1.0,1.0,8.0,0.0,1.0,1.0,0.0,1.0,0,True
SYNTHETIC-01826,train,0.8836253948526868,1.0,1.0,0.0,0.0,0.0,0.0,0.5,0,True
SYNTHETIC-01827,train,1.0,0.0,1.0,0.0,0.0,0.0,0.0,1.0,1,True
SYNTHETIC-01828,held_out_test,1.0,1.0,6.0,0.0,0.0,0.0,0.0,1.0,1,True
SYNTHETIC-01829,held_out_test,0.7692861282899416,0.0,2.0,0.0,0.0,0.0,1.0,1.0,0,True
SYNTHETIC-01830,validation,0.38483349232892555,1.0,8.0,0.0,0.0,0.0,0.0,1.0,0,True
SYNTHETIC-01831,held_out_test,0.7638680032343744,1.0,4.0,0.0,0.0,0.0,0.0,1.0,1,True
SYNTHETIC-01832,train,2.000815776724766e-05,0.0,6.0,0.0,0.0,0.0,0.0,1.0,0,True
SYNTHETIC-01833,train,0.4809543306418491,0.0,2.0,1.0,0.0,0.0,0.0,0.5,0,True
SYNTHETIC-01834,train,0.38216128414884115,0.0,2.0,0.0,0.0,0.0,0.0,1.0,0,True
SYNTHETIC-01835,validation,0.8799532925156734,1.0,7.0,1.0,0.0,0.0,0.0,0.5,0,True
SYNTHETIC-01836,validation,0.759253616671147,0.0,5.0,0.0,0.0,0.0,0.0,0.5,0,True
SYNTHETIC-01837,validation,1.0,1.0,8.0,0.0,0.0,0.0,0.0,1.0,1,True
SYNTHETIC-01838,train,0.4489532376135449,0.0,8.0,0.0,0.0,0.0,1.0,1.0,0,True
SYNTHETIC-01839,train,0.6097625809029037,1.0,5.0,0.0,1.0,0.0,0.0,0.0,0,True
SYNTHETIC-01840,held_out_test,1.0,1.0,7.0,0.0,0.0,0.0,0.0,1.0,1,True
SYNTHETIC-01841,train,0.055993137890888084,1.0,7.0,0.0,0.0,0.0,0.0,1.0,0,True
SYNTHETIC-01842,held_out_test,0.6382660612619926,1.0,5.0,1.0,0.0,0.0,0.0,0.5,0,True
SYNTHETIC-01843,held_out_test,0.33552580555046607,0.0,7.0,0.0,0.0,0.0,1.0,1.0,0,True
SYNTHETIC-01844,train,0.7607610858405344,1.0,1.0,0.0,0.0,0.0,0.0,1.0,1,True
SYNTHETIC-01845,train,0.0,1.0,2.0,0.0,0.0,0.0,0.0,1.0,0,True
SYNTHETIC-01846,train,0.5132558136189833,0.0,4.0,0.0,0.0,0.0,0.0,1.0,0,True
SYNTHETIC-01847,train,0.4512677835278988,1.0,1.0,0.0,0.0,0.0,0.0,1.0,1,True
SYNTHETIC-01848,train,0.23499058119728267,0.0,4.0,0.0,0.0,0.0,0.0,1.0,0,True
SYNTHETIC-01849,held_out_test,0.594071710492853,1.0,6.0,0.0,0.0,0.0,0.0,1.0,1,True
SYNTHETIC-01850,train,0.0,1.0,3.0,0.0,1.0,0.0,0.0,0.5,0,True
SYNTHETIC-01851,train,0.06832572192717884,0.0,8.0,1.0,0.0,1.0,0.0,1.0,0,True
SYNTHETIC-01852,validation,0.6406741339755475,1.0,7.0,0.0,0.0,1.0,0.0,1.0,0,True
SYNTHETIC-01853,train,0.7759847190879252,0.0,7.0,0.0,0.0,0.0,0.0,1.0,0,True
SYNTHETIC-01854,held_out_test,0.6745831314004658,0.0,6.0,0.0,0.0,0.0,0.0,1.0,0,True
SYNTHETIC-01855,held_out_test,0.6916189844286522,1.0,5.0,0.0,0.0,0.0,0.0,1.0,1,True
SYNTHETIC-01856,train,1.0,1.0,6.0,1.0,0.0,0.0,0.0,1.0,0,True
SYNTHETIC-01857,train,0.5626540568213988,1.0,1.0,0.0,0.0,0.0,0.0,1.0,1,True
SYNTHETIC-01858,train,0.6224729208927168,0.0,8.0,0.0,0.0,0.0,0.0,0.5,0,True
SYNTHETIC-01859,train,0.08855576640464018,1.0,7.0,0.0,1.0,0.0,0.0,1.0,0,True
SYNTHETIC-01860,train,0.7702569516711087,1.0,3.0,0.0,0.0,0.0,0.0,1.0,1,True
SYNTHETIC-01861,train,0.34744366528302556,0.0,6.0,0.0,1.0,0.0,0.0,0.5,0,True
SYNTHETIC-01862,validation,1.0,0.0,4.0,0.0,0.0,0.0,0.0,1.0,1,True
SYNTHETIC-01863,train,0.3376770432064807,0.0,8.0,0.0,0.0,0.0,0.0,1.0,0,True
SYNTHETIC-01864,held_out_test,0.378936956487242,0.0,5.0,0.0,0.0,0.0,0.0,1.0,0,True
SYNTHETIC-01865,validation,0.0,1.0,6.0,0.0,0.0,0.0,0.0,1.0,0,True
SYNTHETIC-01866,validation,0.6480351030982979,0.0,2.0,0.0,0.0,1.0,0.0,1.0,0,True
SYNTHETIC-01867,train,0.3189797130918847,0.0,1.0,0.0,0.0,0.0,0.0,0.5,0,True
SYNTHETIC-01868,validation,0.6826691156123702,0.0,8.0,0.0,0.0,0.0,0.0,1.0,0,True
SYNTHETIC-01869,train,0.6390507853206959,1.0,5.0,0.0,0.0,0.0,0.0,0.5,0,True
SYNTHETIC-01870,train,0.0,1.0,6.0,0.0,0.0,0.0,0.0,1.0,0,True
SYNTHETIC-01871,train,0.6338780089621535,1.0,4.0,0.0,0.0,0.0,0.0,1.0,1,True
SYNTHETIC-01872,train,0.7558538338923442,1.0,6.0,0.0,0.0,0.0,0.0,1.0,1,True
SYNTHETIC-01873,train,0.5741508434384589,1.0,4.0,0.0,0.0,0.0,0.0,1.0,1,True
SYNTHETIC-01874,train,0.3460871682108829,0.0,6.0,0.0,1.0,0.0,0.0,1.0,0,True
SYNTHETIC-01875,train,0.3549805360788433,0.0,6.0,0.0,1.0,0.0,0.0,1.0,0,True
SYNTHETIC-01876,validation,0.6874051442421617,0.0,2.0,0.0,0.0,0.0,0.0,1.0,0,True
SYNTHETIC-01877,train,0.3957008886688468,1.0,8.0,0.0,0.0,0.0,0.0,1.0,0,True
SYNTHETIC-01878,train,0.030537648140359835,0.0,8.0,0.0,0.0,0.0,0.0,1.0,0,True
SYNTHETIC-01879,train,0.9225960768084691,1.0,7.0,0.0,0.0,0.0,0.0,1.0,1,True
SYNTHETIC-01880,validation,0.8057669695381445,0.0,1.0,0.0,0.0,0.0,0.0,1.0,0,True
SYNTHETIC-01881,held_out_test,0.9681157750532292,1.0,1.0,0.0,1.0,0.0,0.0,1.0,0,True
SYNTHETIC-01882,held_out_test,0.28004535781381007,0.0,7.0,0.0,0.0,0.0,1.0,1.0,0,True
SYNTHETIC-01883,validation,0.22590751041557824,0.0,2.0,0.0,0.0,0.0,0.0,1.0,0,True
SYNTHETIC-01884,train,0.45799845466992506,0.0,8.0,0.0,0.0,0.0,0.0,1.0,0,True
SYNTHETIC-01885,held_out_test,0.2988141938951951,0.0,3.0,0.0,0.0,0.0,0.0,1.0,0,True
SYNTHETIC-01886,validation,1.0,1.0,2.0,0.0,0.0,0.0,0.0,1.0,1,True
SYNTHETIC-01887,held_out_test,0.5345525833211084,1.0,6.0,1.0,1.0,0.0,0.0,1.0,0,True
SYNTHETIC-01888,validation,0.15352031892522638,1.0,6.0,0.0,0.0,0.0,0.0,0.5,0,True
SYNTHETIC-01889,train,0.62708763992236,0.0,6.0,0.0,0.0,0.0,0.0,1.0,0,True
SYNTHETIC-01890,train,0.4933700992386223,0.0,7.0,0.0,0.0,0.0,1.0,1.0,0,True
SYNTHETIC-01891,train,0.0,1.0,5.0,0.0,0.0,0.0,0.0,1.0,0,True
SYNTHETIC-01892,train,0.4357286803839141,0.0,3.0,0.0,0.0,0.0,0.0,1.0,0,True
SYNTHETIC-01893,train,0.9427549805774327,1.0,4.0,0.0,0.0,0.0,0.0,1.0,1,True
SYNTHETIC-01894,train,0.43081059832889795,1.0,6.0,0.0,0.0,0.0,0.0,1.0,0,True
SYNTHETIC-01895,train,0.615120008471865,1.0,7.0,0.0,0.0,0.0,0.0,1.0,0,True
SYNTHETIC-01896,validation,0.3595147188969762,1.0,4.0,0.0,0.0,0.0,0.0,1.0,0,True
SYNTHETIC-01897,train,0.3257724265464109,0.0,1.0,0.0,0.0,0.0,0.0,1.0,0,True
SYNTHETIC-01898,held_out_test,0.17890015078091448,0.0,4.0,0.0,0.0,0.0,0.0,1.0,0,True
SYNTHETIC-01899,train,0.8119563852210221,1.0,5.0,0.0,0.0,0.0,0.0,1.0,1,True
SYNTHETIC-01900,train,0.06797870756910834,1.0,7.0,0.0,0.0,0.0,0.0,0.5,0,True
SYNTHETIC-01901,validation,0.04672719648340246,0.0,7.0,0.0,0.0,0.0,0.0,0.5,0,True
SYNTHETIC-01902,train,0.7570795662431427,0.0,7.0,0.0,0.0,0.0,0.0,1.0,0,True
SYNTHETIC-01903,validation,1.0,1.0,3.0,0.0,1.0,0.0,0.0,1.0,0,True
SYNTHETIC-01904,validation,0.08199683880204243,1.0,1.0,0.0,0.0,0.0,0.0,0.5,0,True
SYNTHETIC-01905,held_out_test,0.2387627255893449,1.0,2.0,0.0,0.0,1.0,0.0,1.0,0,True
SYNTHETIC-01906,train,0.6036149427369171,0.0,1.0,0.0,0.0,0.0,0.0,1.0,0,True
SYNTHETIC-01907,train,0.8554281288542599,0.0,6.0,0.0,0.0,0.0,0.0,1.0,0,True
SYNTHETIC-01908,train,0.784267762330546,1.0,3.0,0.0,0.0,0.0,0.0,1.0,1,True
SYNTHETIC-01909,train,0.835941815823274,1.0,2.0,0.0,0.0,0.0,0.0,1.0,1,True
SYNTHETIC-01910,train,0.14598537323322017,0.0,5.0,0.0,0.0,0.0,0.0,1.0,0,True
SYNTHETIC-01911,validation,0.3145630811149871,0.0,4.0,1.0,0.0,0.0,0.0,1.0,0,True
SYNTHETIC-01912,validation,0.7608947196779272,1.0,6.0,0.0,0.0,0.0,0.0,1.0,1,True
SYNTHETIC-01913,train,0.2172810793011691,1.0,8.0,0.0,0.0,0.0,0.0,0.5,0,True
SYNTHETIC-01914,train,0.851891359909475,1.0,1.0,0.0,0.0,0.0,0.0,1.0,0,True
SYNTHETIC-01915,held_out_test,0.4273459264101864,1.0,1.0,0.0,0.0,1.0,0.0,1.0,0,True
SYNTHETIC-01916,validation,0.7156915281347581,1.0,7.0,1.0,0.0,0.0,0.0,1.0,0,True
SYNTHETIC-01917,held_out_test,0.9653911476136424,0.0,8.0,0.0,0.0,0.0,1.0,1.0,0,True
SYNTHETIC-01918,train,0.8299532665627551,0.0,3.0,0.0,0.0,0.0,0.0,1.0,0,True
SYNTHETIC-01919,train,0.5439871942282858,0.0,2.0,1.0,0.0,0.0,0.0,1.0,0,True
SYNTHETIC-01920,train,0.03817981846498355,1.0,3.0,0.0,1.0,0.0,0.0,1.0,0,True
SYNTHETIC-01921,train,1.0,1.0,4.0,0.0,0.0,0.0,0.0,1.0,1,True
SYNTHETIC-01922,held_out_test,0.9842200087475865,0.0,1.0,0.0,0.0,0.0,0.0,0.5,0,True
SYNTHETIC-01923,train,0.9736490215421695,1.0,2.0,0.0,0.0,0.0,0.0,0.5,0,True
SYNTHETIC-01924,validation,0.48863841058658547,1.0,1.0,0.0,0.0,0.0,0.0,1.0,0,True
SYNTHETIC-01925,train,1.0,0.0,6.0,1.0,0.0,0.0,0.0,1.0,0,True
SYNTHETIC-01926,validation,0.616759660955948,1.0,4.0,0.0,0.0,1.0,0.0,1.0,0,True
SYNTHETIC-01927,train,1.0,1.0,8.0,0.0,0.0,0.0,0.0,0.5,0,True
SYNTHETIC-01928,train,0.6017936571065955,1.0,4.0,0.0,0.0,0.0,0.0,0.5,0,True
SYNTHETIC-01929,held_out_test,1.0,1.0,3.0,0.0,0.0,0.0,0.0,1.0,1,True
SYNTHETIC-01930,train,1.0,1.0,3.0,0.0,0.0,0.0,0.0,0.5,0,True
SYNTHETIC-01931,held_out_test,0.36106719969974277,1.0,8.0,0.0,0.0,1.0,0.0,1.0,0,True
SYNTHETIC-01932,train,0.8733310468328938,1.0,2.0,0.0,0.0,1.0,0.0,1.0,0,True
SYNTHETIC-01933,train,0.9154247355560978,1.0,6.0,0.0,1.0,0.0,0.0,1.0,0,True
SYNTHETIC-01934,train,0.5380244933414865,0.0,8.0,0.0,0.0,0.0,0.0,1.0,0,True
SYNTHETIC-01935,validation,0.27454422702517745,1.0,8.0,0.0,0.0,0.0,0.0,1.0,0,True
SYNTHETIC-01936,held_out_test,0.9475935934562296,1.0,1.0,0.0,0.0,0.0,0.0,1.0,1,True
SYNTHETIC-01937,train,0.6419247437778491,1.0,6.0,0.0,1.0,0.0,0.0,1.0,0,True
SYNTHETIC-01938,train,0.6376784815841839,0.0,7.0,0.0,0.0,0.0,0.0,0.5,0,True
SYNTHETIC-01939,train,1.0,1.0,6.0,0.0,0.0,0.0,0.0,1.0,1,True
SYNTHETIC-01940,validation,0.43569391047246425,0.0,7.0,0.0,0.0,0.0,0.0,1.0,0,True
SYNTHETIC-01941,held_out_test,1.0,1.0,8.0,0.0,0.0,0.0,0.0,1.0,1,True
SYNTHETIC-01942,train,0.9761482355882797,1.0,8.0,0.0,0.0,0.0,0.0,1.0,1,True
SYNTHETIC-01943,validation,0.24164486226941778,1.0,6.0,0.0,0.0,0.0,0.0,1.0,0,True
SYNTHETIC-01944,train,0.7362378263731717,0.0,2.0,0.0,0.0,0.0,0.0,1.0,1,True
SYNTHETIC-01945,train,0.3478949991764866,0.0,7.0,0.0,0.0,1.0,0.0,1.0,0,True
SYNTHETIC-01946,train,0.0031991187754773507,1.0,6.0,0.0,0.0,1.0,0.0,0.5,0,True
SYNTHETIC-01947,validation,0.6614140521364055,0.0,3.0,0.0,0.0,0.0,0.0,1.0,0,True
SYNTHETIC-01948,held_out_test,0.6519336101935668,1.0,6.0,0.0,0.0,0.0,0.0,1.0,1,True
SYNTHETIC-01949,train,0.3767335463283277,1.0,2.0,0.0,0.0,0.0,0.0,1.0,1,True
SYNTHETIC-01950,train,0.8326533918835953,1.0,7.0,1.0,0.0,0.0,0.0,1.0,0,True
SYNTHETIC-01951,train,0.44111847557862677,1.0,6.0,0.0,0.0,0.0,0.0,0.5,0,True
SYNTHETIC-01952,train,0.9284931661196983,0.0,6.0,0.0,0.0,0.0,0.0,1.0,0,True
SYNTHETIC-01953,train,0.2889430474908158,1.0,3.0,0.0,0.0,0.0,0.0,1.0,0,True
SYNTHETIC-01954,train,0.7632647250167153,1.0,2.0,0.0,0.0,0.0,1.0,1.0,0,True
SYNTHETIC-01955,train,1.0,1.0,4.0,0.0,0.0,0.0,0.0,1.0,1,True
SYNTHETIC-01956,train,1.0,1.0,3.0,1.0,0.0,0.0,1.0,1.0,0,True
SYNTHETIC-01957,train,0.4999620201998994,1.0,7.0,0.0,0.0,0.0,0.0,1.0,1,True
SYNTHETIC-01958,train,0.609511298458016,1.0,8.0,0.0,0.0,0.0,0.0,1.0,1,True
SYNTHETIC-01959,train,0.4235761109389815,0.0,6.0,1.0,0.0,0.0,0.0,1.0,0,True
SYNTHETIC-01960,train,0.2197613072147185,0.0,7.0,0.0,0.0,1.0,0.0,1.0,0,True
SYNTHETIC-01961,validation,0.3112067814772419,0.0,8.0,0.0,0.0,0.0,0.0,1.0,0,True
SYNTHETIC-01962,train,0.6140132457215216,0.0,6.0,0.0,0.0,0.0,0.0,1.0,0,True
SYNTHETIC-01963,train,0.4825970510702748,1.0,3.0,1.0,1.0,0.0,0.0,1.0,0,True
SYNTHETIC-01964,train,0.8483265547257557,1.0,2.0,0.0,0.0,0.0,0.0,1.0,1,True
SYNTHETIC-01965,held_out_test,0.23703319234166959,0.0,3.0,0.0,0.0,0.0,0.0,1.0,0,True
SYNTHETIC-01966,validation,0.5478414310933515,0.0,3.0,0.0,0.0,0.0,0.0,1.0,0,True
SYNTHETIC-01967,held_out_test,0.41510120161349046,0.0,2.0,0.0,0.0,0.0,0.0,1.0,0,True
SYNTHETIC-01968,train,0.7242281836148936,1.0,6.0,1.0,0.0,0.0,0.0,1.0,0,True
SYNTHETIC-01969,held_out_test,0.5245132339083393,0.0,8.0,0.0,0.0,0.0,0.0,1.0,0,True
SYNTHETIC-01970,held_out_test,0.8158424459248157,0.0,3.0,0.0,0.0,0.0,0.0,1.0,0,True
SYNTHETIC-01971,train,0.47062109665100843,0.0,4.0,0.0,0.0,0.0,0.0,1.0,1,True
SYNTHETIC-01972,held_out_test,0.5720115414543254,1.0,8.0,0.0,0.0,0.0,0.0,1.0,1,True
SYNTHETIC-01973,validation,0.6417756286466897,1.0,8.0,0.0,0.0,0.0,0.0,1.0,1,True
SYNTHETIC-01974,held_out_test,0.7054030502491259,1.0,1.0,0.0,1.0,0.0,0.0,1.0,0,True
SYNTHETIC-01975,train,0.4610387627459469,1.0,3.0,0.0,0.0,0.0,1.0,1.0,0,True
SYNTHETIC-01976,validation,0.2089169857071898,0.0,3.0,0.0,0.0,0.0,1.0,1.0,0,True
SYNTHETIC-01977,train,0.0,0.0,3.0,0.0,0.0,0.0,0.0,1.0,0,True
SYNTHETIC-01978,held_out_test,0.6033755130974274,1.0,8.0,0.0,1.0,0.0,0.0,0.5,0,True
SYNTHETIC-01979,train,0.6127408955027552,1.0,7.0,0.0,0.0,0.0,0.0,1.0,1,True
SYNTHETIC-01980,held_out_test,0.39714997026017423,1.0,1.0,1.0,0.0,0.0,0.0,0.5,0,True
SYNTHETIC-01981,validation,0.7252988055478855,1.0,5.0,0.0,0.0,0.0,0.0,0.5,0,True
SYNTHETIC-01982,train,0.31195970447859034,0.0,5.0,0.0,0.0,0.0,0.0,1.0,0,True
SYNTHETIC-01983,held_out_test,0.992896026971338,1.0,5.0,0.0,0.0,0.0,0.0,1.0,1,True
SYNTHETIC-01984,train,0.19904850205118985,0.0,6.0,0.0,0.0,0.0,1.0,1.0,0,True
SYNTHETIC-01985,train,0.36303794864609784,1.0,4.0,0.0,0.0,0.0,0.0,1.0,0,True
SYNTHETIC-01986,train,0.11290141926293404,1.0,6.0,0.0,0.0,0.0,0.0,1.0,0,True
SYNTHETIC-01987,train,0.7532505597813551,1.0,4.0,0.0,0.0,0.0,0.0,0.5,0,True
SYNTHETIC-01988,train,0.6643114019479464,1.0,8.0,0.0,0.0,0.0,0.0,1.0,1,True
SYNTHETIC-01989,train,0.6781672579614519,1.0,7.0,0.0,0.0,0.0,1.0,0.5,0,True
SYNTHETIC-01990,train,0.2607963270171273,0.0,1.0,0.0,0.0,0.0,0.0,0.5,0,True
SYNTHETIC-01991,train,0.3401979086008764,1.0,2.0,0.0,0.0,0.0,0.0,0.5,0,True
SYNTHETIC-01992,held_out_test,0.34068325832901863,1.0,4.0,0.0,0.0,0.0,0.0,1.0,0,True
SYNTHETIC-01993,held_out_test,1.0,1.0,1.0,0.0,0.0,0.0,1.0,1.0,0,True
SYNTHETIC-01994,train,0.9251206314002126,1.0,1.0,0.0,0.0,0.0,0.0,0.5,0,True
SYNTHETIC-01995,train,0.1274872199962351,0.0,1.0,0.0,0.0,0.0,1.0,1.0,0,True
SYNTHETIC-01996,train,0.8364118443402733,1.0,8.0,0.0,0.0,0.0,0.0,1.0,1,True
SYNTHETIC-01997,validation,0.1340660954806573,0.0,4.0,0.0,0.0,0.0,0.0,1.0,0,True
SYNTHETIC-01998,held_out_test,0.893396299593175,1.0,7.0,0.0,0.0,0.0,0.0,1.0,1,True
SYNTHETIC-01999,held_out_test,0.33799725261918107,0.0,7.0,0.0,0.0,0.0,0.0,0.5,0,True
SYNTHETIC-02000,train,0.43758684526313324,1.0,2.0,0.0,0.0,0.0,0.0,1.0,0,True
SYNTHETIC-02001,held_out_test,0.5181334805363281,0.0,6.0,0.0,0.0,0.0,0.0,1.0,0,True
SYNTHETIC-02002,train,0.7398969325542029,1.0,5.0,0.0,0.0,0.0,0.0,1.0,1,True
SYNTHETIC-02003,validation,0.9812925578259301,1.0,8.0,1.0,0.0,0.0,0.0,1.0,0,True
SYNTHETIC-02004,train,1.0,1.0,7.0,0.0,0.0,0.0,0.0,1.0,1,True
SYNTHETIC-02005,train,0.4557739982474308,1.0,5.0,0.0,0.0,0.0,0.0,1.0,0,True
SYNTHETIC-02006,train,0.7459710702568734,0.0,6.0,0.0,1.0,0.0,0.0,1.0,0,True
SYNTHETIC-02007,train,0.3605826686067199,0.0,5.0,0.0,0.0,0.0,0.0,1.0,0,True
SYNTHETIC-02008,held_out_test,0.8095474040550883,1.0,5.0,0.0,0.0,0.0,0.0,1.0,1,True
SYNTHETIC-02009,train,0.8738744955828402,1.0,5.0,0.0,0.0,0.0,0.0,1.0,1,True
SYNTHETIC-02010,train,0.6092833396550851,1.0,8.0,1.0,0.0,0.0,0.0,1.0,0,True
SYNTHETIC-02011,validation,0.9026010406771336,1.0,8.0,0.0,0.0,0.0,0.0,0.5,0,True
SYNTHETIC-02012,validation,0.6197524522812206,1.0,2.0,0.0,0.0,0.0,0.0,0.5,0,True
SYNTHETIC-02013,train,1.0,1.0,1.0,0.0,0.0,0.0,0.0,1.0,1,True
SYNTHETIC-02014,validation,0.6467738923833855,0.0,3.0,0.0,0.0,0.0,0.0,1.0,0,True
SYNTHETIC-02015,validation,0.15136288369838097,1.0,4.0,1.0,0.0,0.0,1.0,1.0,0,True
SYNTHETIC-02016,held_out_test,0.2410188273205554,0.0,2.0,0.0,0.0,0.0,0.0,0.5,0,True
SYNTHETIC-02017,validation,0.8682944677603843,1.0,4.0,0.0,0.0,0.0,0.0,0.0,0,True
SYNTHETIC-02018,train,0.7280917153378668,1.0,4.0,0.0,0.0,0.0,0.0,1.0,1,True
SYNTHETIC-02019,train,0.2904691715242728,0.0,8.0,0.0,1.0,0.0,0.0,1.0,0,True
SYNTHETIC-02020,held_out_test,0.4014499800241862,0.0,4.0,0.0,0.0,0.0,0.0,1.0,0,True
SYNTHETIC-02021,train,0.3945529139485288,0.0,2.0,0.0,0.0,0.0,0.0,1.0,0,True
SYNTHETIC-02022,train,0.5084598685242692,1.0,4.0,0.0,0.0,0.0,0.0,0.0,0,True
SYNTHETIC-02023,validation,0.1910838360603357,0.0,1.0,0.0,0.0,0.0,0.0,0.5,0,True
SYNTHETIC-02024,train,0.10977321919311527,0.0,1.0,0.0,0.0,0.0,1.0,0.5,0,True
SYNTHETIC-02025,validation,0.5403385944119194,1.0,6.0,0.0,1.0,1.0,0.0,1.0,0,True
SYNTHETIC-02026,train,0.7349823281463638,0.0,3.0,0.0,0.0,0.0,0.0,1.0,1,True
SYNTHETIC-02027,held_out_test,0.8034619003021573,1.0,6.0,0.0,0.0,0.0,0.0,0.5,0,True
SYNTHETIC-02028,validation,1.0,1.0,1.0,0.0,0.0,0.0,1.0,1.0,0,True
SYNTHETIC-02029,train,0.3990741215647805,1.0,3.0,0.0,0.0,1.0,0.0,1.0,0,True
SYNTHETIC-02030,train,1.0,1.0,5.0,0.0,0.0,1.0,0.0,1.0,0,True
SYNTHETIC-02031,train,0.4099621196092629,0.0,5.0,0.0,0.0,0.0,0.0,1.0,0,True
SYNTHETIC-02032,validation,0.6449693972964895,1.0,5.0,0.0,0.0,1.0,0.0,1.0,0,True
SYNTHETIC-02033,held_out_test,0.7458002633804295,1.0,5.0,0.0,1.0,0.0,0.0,0.5,0,True
SYNTHETIC-02034,held_out_test,0.2686852836048417,1.0,3.0,0.0,0.0,0.0,0.0,1.0,0,True
SYNTHETIC-02035,validation,0.7958282043347574,1.0,3.0,0.0,0.0,0.0,1.0,1.0,0,True
SYNTHETIC-02036,train,0.10761277915921094,1.0,4.0,0.0,0.0,0.0,0.0,1.0,0,True
SYNTHETIC-02037,train,0.13443276424511774,0.0,4.0,0.0,0.0,0.0,0.0,1.0,0,True
SYNTHETIC-02038,validation,0.9045333116918143,1.0,7.0,0.0,0.0,0.0,0.0,1.0,1,True
SYNTHETIC-02039,train,0.14021980159632844,0.0,2.0,0.0,0.0,0.0,0.0,1.0,0,True
SYNTHETIC-02040,validation,0.30284354965073546,1.0,5.0,0.0,0.0,1.0,0.0,1.0,0,True
SYNTHETIC-02041,train,0.6861643413635689,1.0,7.0,0.0,0.0,0.0,0.0,1.0,1,True
SYNTHETIC-02042,held_out_test,0.8053956034275055,1.0,3.0,0.0,0.0,1.0,0.0,1.0,0,True
SYNTHETIC-02043,validation,0.8913899576486688,1.0,4.0,0.0,1.0,0.0,0.0,1.0,0,True
SYNTHETIC-02044,train,0.6320057056114461,1.0,6.0,0.0,0.0,0.0,0.0,1.0,1,True
SYNTHETIC-02045,held_out_test,0.5752741403312085,1.0,6.0,0.0,0.0,0.0,0.0,1.0,0,True
SYNTHETIC-02046,train,0.0,1.0,5.0,1.0,0.0,0.0,0.0,1.0,0,True
SYNTHETIC-02047,held_out_test,0.6605347532274507,1.0,4.0,0.0,1.0,1.0,0.0,1.0,0,True
SYNTHETIC-02048,train,0.886213663961565,1.0,1.0,0.0,0.0,0.0,0.0,1.0,1,True
SYNTHETIC-02049,train,0.4610513884119498,1.0,2.0,0.0,0.0,0.0,0.0,1.0,0,True
SYNTHETIC-02050,train,0.44528047351826316,0.0,4.0,0.0,0.0,0.0,0.0,1.0,0,True
SYNTHETIC-02051,train,0.49078114471426293,1.0,6.0,0.0,0.0,0.0,0.0,1.0,0,True
SYNTHETIC-02052,train,0.48456385649461003,1.0,2.0,0.0,0.0,0.0,0.0,1.0,1,True
SYNTHETIC-02053,held_out_test,0.8226918800952023,1.0,4.0,0.0,0.0,0.0,0.0,1.0,1,True
SYNTHETIC-02054,train,1.0,1.0,2.0,0.0,0.0,1.0,0.0,1.0,0,True
SYNTHETIC-02055,train,0.6205431095261087,1.0,2.0,0.0,1.0,0.0,0.0,1.0,0,True
SYNTHETIC-02056,train,0.7917838536988204,0.0,8.0,0.0,0.0,0.0,0.0,1.0,0,True
SYNTHETIC-02057,held_out_test,0.26952857349279036,1.0,8.0,0.0,1.0,0.0,0.0,0.5,0,True
SYNTHETIC-02058,held_out_test,0.414478305415001,1.0,8.0,0.0,0.0,0.0,0.0,1.0,0,True
SYNTHETIC-02059,validation,0.6620008253969082,1.0,8.0,0.0,0.0,0.0,0.0,1.0,1,True
SYNTHETIC-02060,held_out_test,0.8129297134196422,1.0,4.0,0.0,0.0,0.0,0.0,1.0,1,True
SYNTHETIC-02061,train,0.298965518501766,0.0,6.0,0.0,0.0,0.0,0.0,1.0,0,True
SYNTHETIC-02062,train,0.30525938359697025,1.0,3.0,0.0,0.0,0.0,0.0,0.5,0,True
SYNTHETIC-02063,train,0.7797274054869057,1.0,5.0,0.0,1.0,0.0,0.0,0.5,0,True
SYNTHETIC-02064,held_out_test,0.6375662809871101,0.0,3.0,0.0,0.0,0.0,1.0,0.5,0,True
SYNTHETIC-02065,validation,0.8375430398266609,1.0,6.0,0.0,1.0,0.0,0.0,1.0,0,True
SYNTHETIC-02066,train,0.9180564496818757,1.0,4.0,0.0,0.0,0.0,0.0,0.5,0,True
SYNTHETIC-02067,validation,0.9506692854012948,1.0,3.0,0.0,0.0,0.0,0.0,1.0,1,True
SYNTHETIC-02068,train,0.0,0.0,1.0,0.0,0.0,0.0,0.0,0.5,0,True
SYNTHETIC-02069,held_out_test,1.0,0.0,3.0,0.0,0.0,0.0,0.0,1.0,0,True
SYNTHETIC-02070,train,0.598339498684391,1.0,4.0,0.0,0.0,0.0,0.0,0.5,0,True
SYNTHETIC-02071,train,0.0,0.0,5.0,0.0,0.0,0.0,1.0,1.0,0,True
SYNTHETIC-02072,validation,0.8673177854879027,0.0,7.0,0.0,0.0,0.0,0.0,1.0,0,True
SYNTHETIC-02073,train,0.473391771042479,1.0,6.0,0.0,0.0,0.0,0.0,0.0,0,True
SYNTHETIC-02074,train,1.0,1.0,5.0,0.0,0.0,0.0,0.0,1.0,0,True
SYNTHETIC-02075,held_out_test,0.0,0.0,4.0,0.0,0.0,0.0,0.0,0.5,0,True
SYNTHETIC-02076,held_out_test,0.44824961035630595,1.0,4.0,0.0,0.0,0.0,0.0,1.0,0,True
SYNTHETIC-02077,train,0.5736132560033232,1.0,8.0,0.0,0.0,0.0,0.0,1.0,0,True
SYNTHETIC-02078,validation,0.3171074370200896,1.0,7.0,0.0,0.0,0.0,1.0,1.0,0,True
SYNTHETIC-02079,train,0.6043301563201907,1.0,4.0,0.0,0.0,1.0,0.0,1.0,0,True
SYNTHETIC-02080,train,0.036988201658736675,0.0,5.0,0.0,0.0,0.0,0.0,1.0,0,True
SYNTHETIC-02081,validation,0.683063788832631,0.0,4.0,0.0,0.0,1.0,0.0,1.0,0,True
SYNTHETIC-02082,train,0.7738391664315292,1.0,5.0,0.0,0.0,0.0,0.0,1.0,0,True
SYNTHETIC-02083,train,0.3570249139597277,0.0,4.0,0.0,0.0,0.0,0.0,1.0,0,True
SYNTHETIC-02084,validation,0.5876089202075925,1.0,7.0,0.0,0.0,0.0,0.0,1.0,1,True
SYNTHETIC-02085,train,0.18492349178506798,1.0,6.0,0.0,0.0,0.0,0.0,0.5,0,True
SYNTHETIC-02086,validation,0.7026613648172962,1.0,2.0,1.0,0.0,0.0,0.0,0.5,0,True
SYNTHETIC-02087,held_out_test,0.30138580994824493,1.0,1.0,0.0,0.0,0.0,0.0,1.0,0,True
SYNTHETIC-02088,train,0.36560144279340673,1.0,8.0,0.0,0.0,0.0,0.0,1.0,0,True
SYNTHETIC-02089,held_out_test,0.18050989970110948,0.0,3.0,0.0,0.0,0.0,1.0,1.0,0,True
SYNTHETIC-02090,train,0.504135687865658,1.0,2.0,0.0,0.0,0.0,0.0,1.0,1,True
SYNTHETIC-02091,train,0.8143382101971745,1.0,6.0,0.0,0.0,0.0,0.0,0.5,0,True
SYNTHETIC-02092,train,0.9348514034989656,1.0,4.0,0.0,0.0,0.0,0.0,1.0,0,True
SYNTHETIC-02093,train,0.6736146196084323,1.0,5.0,0.0,0.0,0.0,0.0,1.0,1,True
SYNTHETIC-02094,train,0.24736046659102445,1.0,6.0,0.0,0.0,1.0,0.0,1.0,0,True
SYNTHETIC-02095,train,1.0,0.0,3.0,0.0,0.0,0.0,0.0,1.0,1,True
SYNTHETIC-02096,validation,1.0,1.0,5.0,0.0,0.0,0.0,0.0,0.5,0,True
SYNTHETIC-02097,train,0.39070430496190695,1.0,6.0,0.0,0.0,0.0,0.0,1.0,0,True
SYNTHETIC-02098,train,0.5887971995365104,0.0,5.0,0.0,0.0,0.0,0.0,1.0,1,True
SYNTHETIC-02099,held_out_test,0.35356442115477377,1.0,8.0,0.0,0.0,0.0,0.0,1.0,0,True
SYNTHETIC-02100,train,0.9053087679157292,1.0,4.0,0.0,0.0,0.0,0.0,1.0,1,True
SYNTHETIC-02101,train,0.6084644782513893,0.0,5.0,0.0,0.0,0.0,0.0,1.0,0,True
SYNTHETIC-02102,train,0.6039223349913052,1.0,7.0,0.0,0.0,0.0,0.0,1.0,1,True
SYNTHETIC-02103,train,0.3079058559157946,0.0,6.0,0.0,0.0,0.0,0.0,1.0,0,True
SYNTHETIC-02104,train,1.0,1.0,8.0,0.0,0.0,0.0,0.0,1.0,1,True
SYNTHETIC-02105,validation,0.2541440891580897,1.0,2.0,0.0,0.0,0.0,0.0,1.0,0,True
SYNTHETIC-02106,train,0.1520133780930698,0.0,8.0,0.0,0.0,0.0,0.0,1.0,0,True
SYNTHETIC-02107,held_out_test,0.5997346509581516,1.0,4.0,0.0,0.0,1.0,0.0,1.0,0,True
SYNTHETIC-02108,validation,0.8804085183983423,1.0,2.0,0.0,0.0,0.0,0.0,1.0,1,True
SYNTHETIC-02109,held_out_test,0.8341549452453353,1.0,3.0,0.0,0.0,0.0,0.0,1.0,0,True
SYNTHETIC-02110,train,0.6184636215817921,1.0,3.0,0.0,0.0,0.0,0.0,1.0,1,True
SYNTHETIC-02111,train,0.4805961415649843,1.0,8.0,0.0,0.0,0.0,0.0,0.5,0,True
SYNTHETIC-02112,train,1.0,1.0,1.0,0.0,0.0,0.0,0.0,1.0,1,True
SYNTHETIC-02113,held_out_test,0.9083261946291314,1.0,2.0,0.0,0.0,0.0,0.0,0.5,0,True
SYNTHETIC-02114,train,0.41455811034538975,1.0,6.0,0.0,0.0,0.0,0.0,1.0,0,True
SYNTHETIC-02115,train,0.40739656687156894,0.0,8.0,1.0,0.0,0.0,0.0,1.0,0,True
SYNTHETIC-02116,validation,0.6803172319723811,0.0,1.0,0.0,0.0,1.0,1.0,0.5,0,True
SYNTHETIC-02117,held_out_test,0.7641271761832795,1.0,4.0,0.0,1.0,0.0,0.0,1.0,0,True
SYNTHETIC-02118,train,0.0,0.0,4.0,0.0,0.0,0.0,0.0,1.0,0,True
SYNTHETIC-02119,train,0.20034212280552363,1.0,4.0,0.0,0.0,0.0,0.0,1.0,0,True
SYNTHETIC-02120,train,1.0,1.0,7.0,0.0,0.0,0.0,0.0,1.0,1,True
SYNTHETIC-02121,train,0.08328262795932477,0.0,5.0,0.0,0.0,0.0,0.0,1.0,0,True
SYNTHETIC-02122,held_out_test,0.683780956950066,0.0,2.0,0.0,0.0,0.0,0.0,0.5,0,True
SYNTHETIC-02123,train,0.19382166429851783,1.0,2.0,0.0,0.0,0.0,0.0,1.0,0,True
SYNTHETIC-02124,train,0.9845766950101863,1.0,6.0,0.0,0.0,0.0,0.0,1.0,1,True
SYNTHETIC-02125,held_out_test,0.9467095649954822,1.0,2.0,0.0,0.0,0.0,0.0,0.5,0,True
SYNTHETIC-02126,held_out_test,0.622488844858234,1.0,4.0,0.0,0.0,0.0,0.0,1.0,1,True
SYNTHETIC-02127,held_out_test,0.05229883943721553,1.0,4.0,0.0,0.0,0.0,0.0,1.0,0,True
SYNTHETIC-02128,train,0.20204833128191652,0.0,4.0,0.0,0.0,0.0,0.0,1.0,0,True
SYNTHETIC-02129,validation,1.0,0.0,6.0,1.0,0.0,0.0,0.0,1.0,0,True
SYNTHETIC-02130,train,0.6646522928850122,1.0,2.0,0.0,0.0,0.0,1.0,1.0,0,True
SYNTHETIC-02131,validation,0.814115204686187,0.0,6.0,0.0,1.0,0.0,0.0,1.0,0,True
SYNTHETIC-02132,train,0.8340052211416065,0.0,7.0,1.0,0.0,0.0,0.0,1.0,0,True
SYNTHETIC-02133,train,0.24558185385506676,0.0,8.0,0.0,0.0,0.0,0.0,1.0,0,True
SYNTHETIC-02134,validation,0.7130021272634672,0.0,4.0,0.0,0.0,1.0,0.0,1.0,0,True
SYNTHETIC-02135,validation,0.44640280399623433,1.0,1.0,0.0,1.0,0.0,0.0,1.0,0,True
SYNTHETIC-02136,train,0.5518944097518345,1.0,6.0,0.0,0.0,0.0,0.0,1.0,1,True
SYNTHETIC-02137,train,0.4715174885257869,1.0,7.0,1.0,0.0,0.0,0.0,1.0,0,True
SYNTHETIC-02138,train,0.4856761577496869,1.0,1.0,0.0,0.0,0.0,0.0,1.0,0,True
SYNTHETIC-02139,train,1.0,1.0,2.0,0.0,1.0,0.0,0.0,0.5,0,True
SYNTHETIC-02140,train,0.0,0.0,3.0,0.0,0.0,1.0,0.0,1.0,0,True
SYNTHETIC-02141,train,0.5510582270572604,1.0,5.0,0.0,0.0,0.0,0.0,1.0,1,True
SYNTHETIC-02142,held_out_test,0.747798882376272,1.0,5.0,0.0,0.0,0.0,0.0,1.0,1,True
SYNTHETIC-02143,train,0.6520773824924959,1.0,2.0,0.0,0.0,0.0,0.0,1.0,1,True
SYNTHETIC-02144,train,0.2686186763881956,1.0,2.0,0.0,0.0,0.0,0.0,1.0,0,True
SYNTHETIC-02145,train,0.47199265674506835,0.0,8.0,0.0,0.0,0.0,0.0,1.0,0,True
SYNTHETIC-02146,train,0.17006513915267074,0.0,6.0,0.0,0.0,0.0,1.0,1.0,0,True
SYNTHETIC-02147,train,0.39746869945625257,0.0,5.0,0.0,0.0,0.0,0.0,1.0,0,True
SYNTHETIC-02148,train,0.41032281741008436,1.0,3.0,0.0,0.0,0.0,0.0,1.0,0,True
SYNTHETIC-02149,train,0.22199526727466973,1.0,4.0,0.0,0.0,0.0,1.0,0.0,0,True
SYNTHETIC-02150,held_out_test,0.07872237205067813,1.0,8.0,0.0,0.0,0.0,0.0,0.5,0,True
SYNTHETIC-02151,train,1.0,1.0,3.0,0.0,0.0,0.0,0.0,1.0,1,True
SYNTHETIC-02152,held_out_test,0.894204346505644,1.0,3.0,0.0,1.0,0.0,0.0,1.0,0,True
SYNTHETIC-02153,train,0.8613237692103108,0.0,4.0,0.0,0.0,0.0,0.0,1.0,0,True
SYNTHETIC-02154,validation,0.0,0.0,2.0,0.0,0.0,0.0,0.0,1.0,0,True
SYNTHETIC-02155,train,0.4829902126201229,0.0,1.0,1.0,0.0,0.0,0.0,0.5,0,True
SYNTHETIC-02156,train,0.9974765296181998,1.0,8.0,0.0,0.0,0.0,0.0,1.0,1,True
SYNTHETIC-02157,held_out_test,0.5954545298204523,0.0,6.0,0.0,0.0,0.0,1.0,1.0,0,True
SYNTHETIC-02158,train,0.609337197838791,1.0,3.0,0.0,0.0,0.0,0.0,1.0,0,True
SYNTHETIC-02159,held_out_test,0.7196537840751369,1.0,5.0,0.0,0.0,1.0,0.0,0.5,0,True
SYNTHETIC-02160,train,0.8182535947305162,1.0,4.0,0.0,0.0,0.0,0.0,1.0,1,True
SYNTHETIC-02161,held_out_test,1.0,0.0,1.0,0.0,0.0,1.0,0.0,1.0,0,True
SYNTHETIC-02162,train,1.0,1.0,7.0,0.0,1.0,0.0,0.0,1.0,0,True
SYNTHETIC-02163,train,0.016652944965322276,1.0,1.0,1.0,0.0,0.0,0.0,1.0,0,True
SYNTHETIC-02164,train,0.1460547060959345,0.0,5.0,0.0,0.0,0.0,0.0,1.0,0,True
SYNTHETIC-02165,validation,0.6787644014707181,1.0,3.0,0.0,0.0,0.0,0.0,1.0,1,True
SYNTHETIC-02166,validation,0.6622765180542894,1.0,4.0,0.0,0.0,0.0,0.0,1.0,1,True
SYNTHETIC-02167,train,0.8290680317843124,1.0,4.0,0.0,0.0,0.0,0.0,1.0,1,True
SYNTHETIC-02168,train,0.6713878983467122,1.0,4.0,0.0,0.0,0.0,0.0,1.0,1,True
SYNTHETIC-02169,train,0.5198801599908454,0.0,2.0,0.0,0.0,0.0,0.0,1.0,0,True
SYNTHETIC-02170,train,1.0,1.0,1.0,1.0,0.0,1.0,0.0,1.0,0,True
SYNTHETIC-02171,train,0.1843203187521298,1.0,2.0,0.0,0.0,0.0,0.0,1.0,0,True
SYNTHETIC-02172,validation,0.6646440782005903,1.0,6.0,0.0,0.0,0.0,0.0,1.0,1,True
SYNTHETIC-02173,train,0.47794692205901945,0.0,1.0,0.0,0.0,0.0,0.0,1.0,0,True
SYNTHETIC-02174,held_out_test,0.0,0.0,5.0,0.0,0.0,0.0,0.0,0.5,0,True
SYNTHETIC-02175,held_out_test,0.6928921228346882,1.0,3.0,1.0,1.0,0.0,0.0,1.0,0,True
SYNTHETIC-02176,held_out_test,0.22269772668097004,0.0,6.0,0.0,0.0,0.0,0.0,1.0,0,True
SYNTHETIC-02177,held_out_test,0.7521779617423493,1.0,6.0,0.0,0.0,0.0,0.0,0.0,0,True
SYNTHETIC-02178,train,0.15468834463594022,1.0,2.0,0.0,0.0,0.0,0.0,0.5,0,True
SYNTHETIC-02179,validation,0.8028572663757937,0.0,6.0,0.0,1.0,0.0,0.0,1.0,0,True
SYNTHETIC-02180,train,0.9546626089690697,1.0,6.0,0.0,0.0,1.0,0.0,1.0,0,True
SYNTHETIC-02181,train,0.31566967287537195,1.0,3.0,0.0,1.0,0.0,0.0,1.0,0,True
SYNTHETIC-02182,train,0.13629821122132812,0.0,7.0,1.0,0.0,0.0,0.0,0.5,0,True
SYNTHETIC-02183,train,0.9063854244712286,1.0,4.0,0.0,0.0,0.0,0.0,1.0,1,True
SYNTHETIC-02184,validation,1.0,1.0,1.0,0.0,0.0,0.0,0.0,1.0,1,True
SYNTHETIC-02185,validation,0.6050314333743405,0.0,6.0,0.0,0.0,1.0,0.0,1.0,0,True
SYNTHETIC-02186,train,0.6027558782755006,1.0,4.0,1.0,0.0,0.0,0.0,1.0,0,True
SYNTHETIC-02187,train,1.0,0.0,3.0,0.0,1.0,0.0,0.0,1.0,0,True
SYNTHETIC-02188,held_out_test,0.853001742869715,1.0,4.0,0.0,0.0,0.0,0.0,1.0,1,True
SYNTHETIC-02189,train,0.7044555259738133,1.0,8.0,0.0,0.0,0.0,0.0,1.0,0,True
SYNTHETIC-02190,validation,0.7803611957357973,1.0,4.0,0.0,0.0,0.0,0.0,0.5,0,True
SYNTHETIC-02191,train,0.806542217652577,1.0,6.0,0.0,0.0,0.0,0.0,1.0,1,True
SYNTHETIC-02192,train,0.34264762247960817,1.0,7.0,0.0,0.0,0.0,0.0,0.5,0,True
SYNTHETIC-02193,validation,0.15816790761084665,1.0,5.0,0.0,0.0,0.0,1.0,1.0,0,True
SYNTHETIC-02194,held_out_test,0.8378133049141266,1.0,8.0,0.0,0.0,0.0,0.0,1.0,1,True
SYNTHETIC-02195,validation,0.23957838184330033,0.0,4.0,0.0,0.0,0.0,0.0,0.5,0,True
SYNTHETIC-02196,train,0.07967492520029998,0.0,2.0,0.0,0.0,1.0,0.0,0.5,0,True
SYNTHETIC-02197,train,1.0,1.0,4.0,0.0,0.0,0.0,0.0,0.5,0,True
SYNTHETIC-02198,held_out_test,0.2497713664201061,0.0,1.0,0.0,0.0,0.0,0.0,0.5,0,True
SYNTHETIC-02199,held_out_test,0.5468750843872388,1.0,3.0,0.0,0.0,0.0,0.0,1.0,1,True
SYNTHETIC-02200,validation,0.9377277579362613,1.0,2.0,0.0,0.0,0.0,0.0,1.0,1,True
SYNTHETIC-02201,train,0.2397322226057871,0.0,1.0,0.0,0.0,0.0,1.0,1.0,0,True
SYNTHETIC-02202,train,0.768422138069274,1.0,2.0,0.0,0.0,0.0,0.0,0.5,0,True
SYNTHETIC-02203,held_out_test,0.4001876023456383,1.0,7.0,0.0,0.0,1.0,0.0,0.5,0,True
SYNTHETIC-02204,train,0.9470985114151071,1.0,7.0,0.0,0.0,0.0,0.0,0.5,0,True
SYNTHETIC-02205,train,0.36632766175240095,0.0,8.0,0.0,1.0,0.0,0.0,0.5,0,True
SYNTHETIC-02206,held_out_test,0.8740587380004944,1.0,1.0,0.0,0.0,0.0,0.0,1.0,1,True
SYNTHETIC-02207,train,1.0,1.0,8.0,1.0,0.0,1.0,1.0,1.0,0,True
SYNTHETIC-02208,held_out_test,0.4705709253712499,0.0,3.0,0.0,0.0,0.0,0.0,1.0,0,True
SYNTHETIC-02209,validation,0.8468439971860847,1.0,4.0,0.0,1.0,0.0,1.0,1.0,0,True
SYNTHETIC-02210,train,0.09012779064878375,0.0,2.0,0.0,0.0,0.0,0.0,1.0,0,True
SYNTHETIC-02211,validation,0.2941044520724567,1.0,8.0,0.0,0.0,0.0,0.0,1.0,0,True
SYNTHETIC-02212,train,0.9363498095169945,1.0,8.0,0.0,0.0,0.0,0.0,0.5,0,True
SYNTHETIC-02213,validation,1.0,1.0,6.0,0.0,1.0,0.0,0.0,1.0,0,True
SYNTHETIC-02214,train,0.8879903131848894,0.0,1.0,0.0,0.0,1.0,0.0,1.0,0,True
SYNTHETIC-02215,held_out_test,0.3512993438159542,0.0,4.0,0.0,0.0,0.0,0.0,0.5,0,True
SYNTHETIC-02216,train,0.9962118340264676,0.0,3.0,0.0,1.0,0.0,0.0,1.0,0,True
SYNTHETIC-02217,validation,0.7401595600006732,1.0,8.0,0.0,0.0,0.0,0.0,1.0,1,True
SYNTHETIC-02218,train,0.8022101865689069,1.0,6.0,0.0,0.0,0.0,0.0,1.0,1,True
SYNTHETIC-02219,train,0.6942010393029904,1.0,8.0,0.0,0.0,0.0,0.0,1.0,1,True
SYNTHETIC-02220,validation,1.0,1.0,7.0,0.0,0.0,0.0,0.0,1.0,1,True
SYNTHETIC-02221,train,0.7678286724868622,0.0,5.0,0.0,0.0,0.0,0.0,1.0,0,True
SYNTHETIC-02222,train,0.19705189729083197,1.0,3.0,0.0,0.0,0.0,1.0,1.0,0,True
SYNTHETIC-02223,train,0.7279436997072863,1.0,7.0,0.0,0.0,0.0,1.0,0.5,0,True
SYNTHETIC-02224,validation,0.0,0.0,6.0,0.0,0.0,0.0,0.0,0.5,0,True
SYNTHETIC-02225,train,0.7083076226400783,1.0,7.0,0.0,0.0,0.0,0.0,1.0,1,True
SYNTHETIC-02226,validation,1.0,1.0,8.0,0.0,0.0,0.0,0.0,0.5,0,True
SYNTHETIC-02227,train,0.8387639757719383,1.0,5.0,0.0,0.0,1.0,0.0,1.0,0,True
SYNTHETIC-02228,held_out_test,1.0,1.0,6.0,0.0,0.0,0.0,0.0,1.0,1,True
SYNTHETIC-02229,validation,0.6773040124341616,0.0,4.0,0.0,0.0,0.0,0.0,1.0,0,True
SYNTHETIC-02230,train,0.6909483381245907,1.0,4.0,0.0,0.0,0.0,0.0,0.5,0,True
SYNTHETIC-02231,train,0.5575420370002285,1.0,2.0,0.0,0.0,0.0,0.0,0.5,0,True
SYNTHETIC-02232,train,0.14806583674500126,1.0,2.0,0.0,0.0,0.0,0.0,0.5,0,True
SYNTHETIC-02233,train,0.9710852084373784,1.0,8.0,0.0,0.0,0.0,0.0,1.0,1,True
SYNTHETIC-02234,train,0.7487205194744372,0.0,2.0,1.0,0.0,0.0,0.0,1.0,0,True
SYNTHETIC-02235,train,0.31709408683275464,1.0,1.0,0.0,0.0,0.0,0.0,1.0,0,True
SYNTHETIC-02236,train,0.4686676700060365,0.0,7.0,0.0,0.0,0.0,0.0,1.0,0,True
SYNTHETIC-02237,train,0.6695679265589345,1.0,2.0,0.0,0.0,0.0,0.0,1.0,1,True
SYNTHETIC-02238,train,0.04895527681176115,0.0,4.0,0.0,0.0,0.0,0.0,1.0,0,True
SYNTHETIC-02239,train,0.31195941510733693,0.0,3.0,0.0,0.0,0.0,0.0,1.0,0,True
SYNTHETIC-02240,held_out_test,0.9046832885338093,1.0,4.0,0.0,0.0,0.0,0.0,1.0,1,True
SYNTHETIC-02241,train,1.0,1.0,4.0,1.0,0.0,0.0,0.0,1.0,0,True
SYNTHETIC-02242,held_out_test,0.5341416700825485,0.0,1.0,0.0,0.0,0.0,0.0,1.0,0,True
SYNTHETIC-02243,validation,1.0,0.0,3.0,0.0,0.0,1.0,0.0,1.0,0,True
SYNTHETIC-02244,train,0.9966592599694387,0.0,6.0,0.0,0.0,0.0,0.0,1.0,0,True
SYNTHETIC-02245,held_out_test,0.9710556202671988,0.0,1.0,0.0,0.0,0.0,1.0,1.0,0,True
SYNTHETIC-02246,validation,1.0,1.0,3.0,0.0,0.0,0.0,0.0,1.0,1,True
SYNTHETIC-02247,train,0.0,0.0,8.0,0.0,0.0,0.0,0.0,1.0,0,True
SYNTHETIC-02248,train,0.8124140066624893,1.0,6.0,0.0,0.0,0.0,0.0,0.5,0,True
SYNTHETIC-02249,train,0.19095333887977264,0.0,5.0,0.0,0.0,0.0,0.0,1.0,0,True
SYNTHETIC-02250,validation,0.4961007296398194,1.0,5.0,0.0,1.0,0.0,0.0,1.0,0,True
SYNTHETIC-02251,train,0.573240293889158,0.0,8.0,0.0,0.0,0.0,0.0,1.0,0,True
SYNTHETIC-02252,train,0.5438847750343534,0.0,1.0,0.0,1.0,0.0,0.0,1.0,0,True
SYNTHETIC-02253,train,0.7841326882363641,1.0,8.0,0.0,0.0,0.0,0.0,1.0,1,True
SYNTHETIC-02254,held_out_test,0.8629892658753341,1.0,4.0,0.0,1.0,1.0,0.0,1.0,0,True
SYNTHETIC-02255,train,0.38462864074777625,1.0,4.0,0.0,0.0,0.0,0.0,0.5,0,True
SYNTHETIC-02256,validation,0.7113206687446257,0.0,2.0,1.0,0.0,0.0,0.0,1.0,0,True
SYNTHETIC-02257,train,0.7723347733027508,1.0,4.0,0.0,0.0,0.0,0.0,1.0,1,True
SYNTHETIC-02258,validation,0.7920838502271388,1.0,5.0,0.0,0.0,0.0,0.0,1.0,1,True
SYNTHETIC-02259,held_out_test,0.8454218997483474,1.0,3.0,0.0,0.0,0.0,0.0,1.0,0,True
SYNTHETIC-02260,held_out_test,0.8697294658890397,0.0,3.0,0.0,0.0,0.0,0.0,1.0,1,True
SYNTHETIC-02261,held_out_test,1.0,0.0,8.0,0.0,0.0,0.0,0.0,1.0,0,True
SYNTHETIC-02262,held_out_test,0.7124735549571038,1.0,7.0,1.0,0.0,0.0,0.0,1.0,0,True
SYNTHETIC-02263,train,1.0,1.0,5.0,0.0,0.0,0.0,0.0,1.0,1,True
SYNTHETIC-02264,held_out_test,0.6317111951844533,1.0,3.0,0.0,0.0,0.0,0.0,0.5,0,True
SYNTHETIC-02265,train,0.5101968974403482,1.0,7.0,0.0,0.0,0.0,0.0,1.0,1,True
SYNTHETIC-02266,held_out_test,0.4287738588180564,1.0,7.0,0.0,0.0,0.0,0.0,0.5,0,True
SYNTHETIC-02267,train,0.9431504207049595,1.0,8.0,0.0,0.0,1.0,1.0,1.0,0,True
SYNTHETIC-02268,train,0.4472661484738488,0.0,6.0,0.0,0.0,0.0,0.0,1.0,0,True
SYNTHETIC-02269,validation,0.9312520426429372,1.0,2.0,0.0,0.0,1.0,0.0,1.0,0,True
SYNTHETIC-02270,train,0.6466934426063925,1.0,4.0,0.0,0.0,0.0,0.0,1.0,1,True
SYNTHETIC-02271,held_out_test,0.5190811071926631,0.0,8.0,0.0,1.0,0.0,0.0,1.0,0,True
SYNTHETIC-02272,held_out_test,0.23394364916625945,0.0,1.0,0.0,0.0,0.0,0.0,1.0,0,True
SYNTHETIC-02273,held_out_test,0.22956128662930794,0.0,7.0,0.0,1.0,0.0,0.0,1.0,0,True
SYNTHETIC-02274,train,0.48217242071463096,0.0,5.0,0.0,0.0,0.0,0.0,1.0,0,True
SYNTHETIC-02275,train,0.9593301188441525,1.0,4.0,0.0,0.0,0.0,0.0,1.0,1,True
SYNTHETIC-02276,held_out_test,0.990344430618064,0.0,2.0,0.0,0.0,0.0,0.0,1.0,0,True
SYNTHETIC-02277,train,0.04689198078445823,0.0,8.0,0.0,0.0,1.0,0.0,1.0,0,True
SYNTHETIC-02278,train,1.0,0.0,2.0,0.0,0.0,0.0,0.0,0.5,0,True
SYNTHETIC-02279,train,0.4602359970759426,1.0,5.0,0.0,1.0,0.0,0.0,1.0,0,True
SYNTHETIC-02280,train,0.21978604469480992,0.0,5.0,0.0,0.0,0.0,0.0,1.0,0,True
SYNTHETIC-02281,validation,0.33559433085402285,1.0,4.0,0.0,1.0,0.0,1.0,0.5,0,True
SYNTHETIC-02282,train,0.6675937890405392,1.0,2.0,0.0,0.0,0.0,0.0,1.0,1,True
SYNTHETIC-02283,held_out_test,0.36398446099316356,1.0,2.0,0.0,0.0,0.0,0.0,1.0,0,True
SYNTHETIC-02284,train,0.9296319208722338,0.0,6.0,0.0,0.0,0.0,0.0,1.0,0,True
SYNTHETIC-02285,train,0.967213161227648,0.0,6.0,0.0,0.0,0.0,0.0,1.0,0,True
SYNTHETIC-02286,held_out_test,0.7468779350524529,1.0,2.0,0.0,0.0,0.0,0.0,1.0,1,True
SYNTHETIC-02287,train,0.7070747596624944,1.0,7.0,1.0,0.0,0.0,0.0,1.0,0,True
SYNTHETIC-02288,validation,0.7674935885588554,1.0,6.0,0.0,0.0,0.0,0.0,0.5,0,True
SYNTHETIC-02289,train,0.7622974473318699,1.0,2.0,0.0,0.0,0.0,0.0,1.0,1,True
SYNTHETIC-02290,held_out_test,0.3382479459090538,1.0,4.0,0.0,0.0,0.0,0.0,1.0,0,True
SYNTHETIC-02291,train,0.506819902354722,0.0,3.0,0.0,0.0,0.0,0.0,1.0,0,True
SYNTHETIC-02292,validation,0.6668187184747365,0.0,5.0,0.0,0.0,0.0,0.0,1.0,0,True
SYNTHETIC-02293,train,0.12490541463124696,0.0,1.0,1.0,0.0,0.0,0.0,1.0,0,True
SYNTHETIC-02294,validation,0.4737298386954554,1.0,8.0,0.0,0.0,0.0,0.0,1.0,0,True
SYNTHETIC-02295,validation,0.8392809743943753,1.0,5.0,0.0,0.0,1.0,0.0,1.0,0,True
SYNTHETIC-02296,held_out_test,0.585400993105808,1.0,6.0,0.0,1.0,0.0,0.0,1.0,0,True
SYNTHETIC-02297,train,0.9664078968675455,1.0,5.0,0.0,0.0,0.0,0.0,0.0,0,True
SYNTHETIC-02298,validation,0.5779269907465773,1.0,4.0,0.0,1.0,0.0,0.0,1.0,0,True
SYNTHETIC-02299,validation,0.885345588572527,1.0,7.0,0.0,0.0,0.0,0.0,0.5,0,True
SYNTHETIC-02300,train,0.3857138319045958,0.0,3.0,0.0,0.0,0.0,0.0,1.0,0,True
SYNTHETIC-02301,validation,0.6342467225237938,1.0,1.0,0.0,0.0,0.0,0.0,1.0,1,True
SYNTHETIC-02302,validation,0.0,0.0,5.0,0.0,0.0,0.0,0.0,1.0,0,True
SYNTHETIC-02303,train,0.9859344553321997,1.0,1.0,0.0,0.0,0.0,0.0,1.0,1,True
SYNTHETIC-02304,train,0.5870944365381402,1.0,7.0,0.0,0.0,0.0,0.0,1.0,1,True
SYNTHETIC-02305,train,0.9405720926185788,1.0,1.0,0.0,0.0,0.0,0.0,1.0,0,True
SYNTHETIC-02306,train,0.05631933166922783,0.0,2.0,0.0,0.0,0.0,0.0,1.0,0,True
SYNTHETIC-02307,train,0.6663380534108743,1.0,8.0,0.0,0.0,0.0,1.0,1.0,0,True
SYNTHETIC-02308,train,0.3724762981436505,0.0,3.0,0.0,0.0,0.0,1.0,0.5,0,True
SYNTHETIC-02309,held_out_test,0.0,0.0,5.0,0.0,0.0,0.0,1.0,0.5,0,True
SYNTHETIC-02310,train,0.7054380563641202,1.0,7.0,0.0,1.0,0.0,0.0,1.0,0,True
SYNTHETIC-02311,train,0.6228926101083221,1.0,2.0,1.0,0.0,0.0,0.0,1.0,0,True
SYNTHETIC-02312,held_out_test,0.7240127455678034,1.0,3.0,0.0,0.0,0.0,0.0,0.5,0,True
SYNTHETIC-02313,train,0.12407554190248697,0.0,1.0,0.0,0.0,0.0,0.0,1.0,0,True
SYNTHETIC-02314,train,0.7460765790441495,1.0,7.0,0.0,0.0,0.0,0.0,1.0,1,True
SYNTHETIC-02315,held_out_test,0.979207259032439,1.0,1.0,0.0,0.0,0.0,0.0,1.0,1,True
SYNTHETIC-02316,train,0.5674045739198488,1.0,8.0,0.0,0.0,0.0,1.0,0.5,0,True
SYNTHETIC-02317,validation,0.9085654271377277,1.0,6.0,0.0,0.0,0.0,0.0,1.0,1,True
SYNTHETIC-02318,train,0.6774338320443813,1.0,3.0,0.0,1.0,0.0,0.0,1.0,0,True
SYNTHETIC-02319,train,0.0,1.0,4.0,0.0,0.0,0.0,0.0,1.0,0,True
SYNTHETIC-02320,train,1.0,0.0,5.0,0.0,0.0,0.0,1.0,1.0,0,True
SYNTHETIC-02321,train,0.17682822877091123,0.0,6.0,0.0,0.0,0.0,0.0,1.0,0,True
SYNTHETIC-02322,train,0.34311929143618664,1.0,3.0,0.0,0.0,1.0,0.0,0.0,0,True
SYNTHETIC-02323,held_out_test,0.7237344445712528,1.0,3.0,0.0,0.0,0.0,0.0,1.0,1,True
SYNTHETIC-02324,held_out_test,0.0,0.0,2.0,0.0,0.0,0.0,0.0,1.0,0,True
SYNTHETIC-02325,train,0.11991180758362766,1.0,4.0,0.0,0.0,0.0,0.0,1.0,0,True
SYNTHETIC-02326,train,0.4913854304667827,1.0,4.0,0.0,0.0,0.0,0.0,1.0,0,True
SYNTHETIC-02327,held_out_test,0.9623002863925887,1.0,5.0,0.0,0.0,0.0,0.0,1.0,1,True
SYNTHETIC-02328,train,0.9678644242837452,1.0,7.0,0.0,0.0,0.0,0.0,1.0,0,True
SYNTHETIC-02329,validation,0.8618378235374932,1.0,2.0,0.0,0.0,0.0,0.0,1.0,1,True
SYNTHETIC-02330,validation,0.5556951570128414,1.0,2.0,0.0,0.0,0.0,1.0,0.5,0,True
SYNTHETIC-02331,validation,0.33989678617460845,0.0,3.0,0.0,0.0,0.0,0.0,1.0,0,True
SYNTHETIC-02332,held_out_test,1.0,1.0,2.0,0.0,0.0,0.0,1.0,1.0,0,True
SYNTHETIC-02333,held_out_test,0.5778277617968058,1.0,2.0,0.0,0.0,0.0,0.0,1.0,1,True
SYNTHETIC-02334,train,0.43707248913411867,0.0,7.0,0.0,0.0,0.0,0.0,1.0,0,True
SYNTHETIC-02335,train,0.37373941871310346,0.0,6.0,0.0,0.0,0.0,0.0,0.5,0,True
SYNTHETIC-02336,held_out_test,0.6195145720700022,1.0,7.0,0.0,0.0,1.0,0.0,0.5,0,True
SYNTHETIC-02337,held_out_test,1.0,0.0,5.0,0.0,0.0,0.0,0.0,1.0,0,True
SYNTHETIC-02338,held_out_test,0.49858126650108087,1.0,7.0,0.0,0.0,0.0,0.0,1.0,1,True
SYNTHETIC-02339,train,0.6402680166332191,1.0,4.0,0.0,0.0,0.0,0.0,1.0,1,True
SYNTHETIC-02340,validation,0.42823628685040405,1.0,8.0,0.0,0.0,0.0,0.0,1.0,0,True
SYNTHETIC-02341,train,0.7114326855811095,0.0,5.0,0.0,0.0,0.0,0.0,1.0,0,True
SYNTHETIC-02342,held_out_test,0.8721489991010474,1.0,1.0,0.0,0.0,1.0,0.0,1.0,0,True
SYNTHETIC-02343,held_out_test,0.5377728995066078,1.0,2.0,0.0,0.0,0.0,0.0,0.5,0,True
SYNTHETIC-02344,train,0.9982402835507984,1.0,5.0,0.0,0.0,0.0,0.0,1.0,1,True
SYNTHETIC-02345,train,0.4370160871498241,1.0,7.0,0.0,0.0,0.0,0.0,1.0,0,True
SYNTHETIC-02346,held_out_test,0.6289903860187236,1.0,2.0,0.0,0.0,0.0,0.0,0.5,0,True
SYNTHETIC-02347,train,0.24292907803951125,0.0,7.0,1.0,0.0,0.0,0.0,1.0,0,True
SYNTHETIC-02348,train,0.0667763623344375,1.0,8.0,0.0,0.0,0.0,0.0,1.0,0,True
SYNTHETIC-02349,held_out_test,0.9788332602151308,1.0,2.0,0.0,0.0,0.0,0.0,1.0,1,True
SYNTHETIC-02350,held_out_test,0.61936073478901,1.0,5.0,0.0,0.0,0.0,0.0,0.5,0,True
SYNTHETIC-02351,train,0.7564916307905998,1.0,8.0,1.0,0.0,0.0,0.0,0.5,0,True
SYNTHETIC-02352,train,0.78796739528987,0.0,3.0,0.0,0.0,0.0,0.0,1.0,0,True
SYNTHETIC-02353,validation,0.8915738286781362,1.0,4.0,1.0,0.0,0.0,0.0,1.0,0,True
SYNTHETIC-02354,train,0.7250121366181472,1.0,4.0,0.0,0.0,0.0,1.0,0.5,0,True
SYNTHETIC-02355,train,0.6856361970259173,1.0,4.0,0.0,0.0,0.0,0.0,0.5,0,True
SYNTHETIC-02356,train,0.7539809854011816,1.0,3.0,0.0,0.0,0.0,0.0,1.0,1,True
SYNTHETIC-02357,held_out_test,0.05703909573407889,0.0,5.0,0.0,0.0,0.0,0.0,1.0,0,True
SYNTHETIC-02358,train,0.3654491832936385,0.0,3.0,1.0,0.0,0.0,0.0,0.5,0,True
SYNTHETIC-02359,held_out_test,0.6783701567540207,1.0,7.0,0.0,0.0,0.0,0.0,1.0,1,True
SYNTHETIC-02360,train,0.41990969400727374,1.0,6.0,0.0,0.0,0.0,0.0,1.0,1,True
SYNTHETIC-02361,train,0.0,0.0,2.0,0.0,0.0,0.0,0.0,1.0,0,True
SYNTHETIC-02362,validation,0.37448868350648473,1.0,7.0,0.0,0.0,0.0,0.0,1.0,0,True
SYNTHETIC-02363,held_out_test,0.3319654950222242,1.0,3.0,0.0,0.0,0.0,0.0,1.0,0,True
SYNTHETIC-02364,train,0.09326495853327572,1.0,5.0,0.0,0.0,0.0,0.0,1.0,0,True
SYNTHETIC-02365,validation,0.4912048158226363,1.0,8.0,0.0,0.0,0.0,0.0,1.0,0,True
SYNTHETIC-02366,train,0.8242506448713528,1.0,6.0,0.0,0.0,0.0,0.0,1.0,1,True
SYNTHETIC-02367,held_out_test,0.14225128026321915,0.0,8.0,0.0,1.0,0.0,0.0,0.5,0,True
SYNTHETIC-02368,train,0.5430076773660037,0.0,5.0,0.0,1.0,0.0,0.0,1.0,0,True
SYNTHETIC-02369,train,0.40395340756317105,0.0,7.0,0.0,0.0,0.0,0.0,1.0,0,True
SYNTHETIC-02370,train,0.7588577278340342,1.0,4.0,0.0,0.0,0.0,0.0,0.5,0,True
SYNTHETIC-02371,train,0.19947606912946295,0.0,2.0,0.0,0.0,0.0,0.0,1.0,0,True
SYNTHETIC-02372,train,0.45022729865652644,0.0,2.0,0.0,1.0,0.0,0.0,1.0,0,True
SYNTHETIC-02373,held_out_test,0.6619824383089759,1.0,5.0,0.0,0.0,0.0,0.0,1.0,1,True
SYNTHETIC-02374,train,0.13176341442331357,0.0,2.0,0.0,0.0,0.0,0.0,1.0,0,True
SYNTHETIC-02375,held_out_test,0.7969676335263144,1.0,4.0,0.0,0.0,0.0,0.0,0.5,0,True
SYNTHETIC-02376,train,0.7408810407501312,1.0,4.0,1.0,0.0,0.0,0.0,1.0,0,True
SYNTHETIC-02377,train,0.2760800195006527,0.0,1.0,0.0,1.0,1.0,0.0,0.5,0,True
SYNTHETIC-02378,train,0.39967743769745107,0.0,7.0,0.0,0.0,0.0,0.0,1.0,0,True
SYNTHETIC-02379,train,1.0,1.0,1.0,0.0,0.0,0.0,0.0,1.0,1,True
SYNTHETIC-02380,held_out_test,0.7908646519056298,0.0,3.0,0.0,0.0,0.0,0.0,1.0,0,True
SYNTHETIC-02381,train,0.8969501396464398,1.0,7.0,0.0,0.0,0.0,0.0,1.0,1,True
SYNTHETIC-02382,held_out_test,0.23903778362551378,1.0,1.0,0.0,0.0,0.0,0.0,0.5,0,True
SYNTHETIC-02383,held_out_test,0.3150920219944942,0.0,1.0,0.0,0.0,0.0,0.0,1.0,0,True
SYNTHETIC-02384,train,0.2780195185835699,0.0,7.0,0.0,0.0,0.0,1.0,0.5,0,True
SYNTHETIC-02385,train,0.3274428513917985,0.0,3.0,0.0,0.0,0.0,0.0,1.0,0,True
SYNTHETIC-02386,train,0.22471142029719,0.0,8.0,0.0,0.0,0.0,1.0,1.0,0,True
SYNTHETIC-02387,train,0.8444160069801963,1.0,2.0,0.0,0.0,0.0,0.0,0.5,0,True
SYNTHETIC-02388,train,0.4160304605004537,0.0,2.0,0.0,0.0,0.0,0.0,1.0,0,True
SYNTHETIC-02389,train,0.8373028027883875,1.0,5.0,0.0,1.0,0.0,0.0,1.0,0,True
SYNTHETIC-02390,held_out_test,0.7970232272872566,1.0,8.0,1.0,0.0,0.0,0.0,1.0,0,True
SYNTHETIC-02391,train,0.5929870209751738,0.0,7.0,0.0,0.0,0.0,0.0,1.0,0,True
SYNTHETIC-02392,train,0.42140547511783627,1.0,5.0,0.0,0.0,0.0,0.0,0.5,0,True
SYNTHETIC-02393,train,0.5559934559159658,0.0,3.0,1.0,0.0,0.0,0.0,1.0,0,True
SYNTHETIC-02394,train,1.0,1.0,1.0,0.0,0.0,0.0,0.0,1.0,1,True
SYNTHETIC-02395,train,0.4556387110620873,0.0,7.0,1.0,0.0,0.0,0.0,1.0,0,True
SYNTHETIC-02396,held_out_test,0.7380383502549187,0.0,1.0,0.0,0.0,0.0,0.0,1.0,0,True
SYNTHETIC-02397,held_out_test,0.935527672196975,0.0,2.0,0.0,0.0,1.0,0.0,0.5,0,True
SYNTHETIC-02398,train,0.2236767110478982,0.0,4.0,0.0,0.0,0.0,0.0,0.5,0,True
SYNTHETIC-02399,held_out_test,0.054401127690965057,1.0,3.0,0.0,0.0,0.0,0.0,1.0,0,True
